3.20,6.11,7.08,3.27,15.54,16.26,25.39.00,26.41.00,51.49.00,35.11.00,26.49.00,26.22.00,37.18.00,10.45,11.00,37.53.00,51.40.00,49.59.00,84.38.00,79.57.00,96.23.00,84.31.00,72.08.00,92.30.00,111.51.00,106.55.00,118.24.00,134.40.00,113.11.00,64.17.00,21.47,43.24.00,85.21.00,125.47.00,142.17.00,141.47.00,111.32.00,101.37.00,82.23.00,45.44.00,8.30,47.14.00,47.05.00,70.56.00,44.01.00,23.06,17.31,22.23,6.23,5.24,3.52,0.27,1.05,2.39,1.12,2.47,3.00,1.24,1.30,0.32,R
7.33,8.43,14.03,11.29,19.43,43.03.00,35.56.00,58.01.00,55.37.00,47.52.00,81.58.00,109.12.00,115.19.00,129.57.00,124.24.00,157.24.00,1.00,147.54.00,133.44.00,130.18.00,86.52.00,67.32.00,65.57.00,65.14.00,54.10.00,53.20.00,54.31.00,46.07.00,73.43.00,33.48.00,63.08.00,49.07.00,33.04.00,39.01.00,21.46,69.42.00,63.55.00,17.37,30.40.00,32.50.00,27.54.00,9.43,23.21,27.08.00,10.21,3.23,8.50,12.22,6.49,1.01,2.05,1.24,1.29,0.48,1.34,3.11,2.20,0.49,0.52,0.44,R
4.22,9.42,18.19,18.03,16.14,38.00.00,40.31.00,62.51.00,93.18.00,103.14.00,105.33.00,117.40.00,92.24.00,88.40.00,107.59.00,115.31.00,112.39.00,125.51.00,148.49.00,143.39.00,132.54.00,112.17.00,71.33.00,60.48.00,88.51.00,40.13.00,84.30.00,142.13.00,100.36.00,141.54.00,141.52.00,84.05.00,31.02.00,45.09.00,70.32.00,50.43.00,101.56.00,112.36.00,89.35.00,78.39.00,77.27.00,43.07.00,35.29.00,37.02.00,35.11.00,2.56,22.28,12.24,2.10,1.46,0.33,3.52,2.46,1.35,3.00,4.04,5.16,2.44,1.35,1.18,R
1.40,2.51,10.23,3.25,3.25,6.08,18.18,21.16,9.58,21.04,14.41,33.12.00,3.04,37.41.00,28.49.00,35.31.00,11.33,38.01.00,67.40.00,66.13.00,45.41.00,61.30.00,92.36.00,80.46.00,52.20.00,88.54.00,87.36.00,42.00.00,34.50.00,59.19.00,104.20.00,122.20.00,102.00.00,58.17.00,65.53.00,50.12.00,90.08.00,146.54.00,164.17.00,152.47.00,102.01.00,83.26.00,53.30.00,53.22.00,71.35.00,60.54.00,44.15.00,26.16.00,11.21,4.54,4.01,2.01,0.36,2.30,1.25,1.13,0.50,0.44,0.40,1.57,R
12.42,11.06,8.01,6.34,9.50,10.49,20.09,41.07.00,59.24.00,74.19.00,69.12.00,65.52.00,70.56.00,68.55.00,75.28.00,88.46.00,121.46.00,103.13.00,33.52.00,77.16.00,69.08.00,71.32.00,95.30.00,89.59.00,52.41.00,38.05.00,116.35.00,1.00,121.02.00,78.44.00,85.03.00,90.59.00,48.01.00,16.21,32.31.00,69.41.00,76.44.00,53.37.00,47.08.00,40.30.00,32.59.00,40.44.00,30.47.00,14.01,11.32,8.48,5.57,1.25,3.50,0.46,2.36,0.31,0.54,1.45,1.50,0.15,1.12,0.48,1.47,1.34,R
4.46,7.33,4.37,2.54,6.24,16.30,20.01,30.33.00,35.05.00,50.39.00,49.48.00,70.50.00,105.43.00,136.38.00,1.00,166.28.00,158.28.00,150.25.00,120.34.00,85.22.00,34.34.00,66.25.00,98.10.00,47.52.00,34.03.00,96.22.00,89.49.00,62.30.00,56.51.00,84.27.00,93.00.00,79.38.00,54.59.00,36.38.00,23.27,47.36.00,63.27.00,69.18.00,67.34.00,54.56.00,45.07.00,44.10.00,12.03,20.38,19.52,18.09,10.23,8.14,4.24,1.21,1.44,0.45,0.14,0.38,0.13,1.29,0.57,0.27,0.51,1.02,R
5.17,15.56,22.01,23.28,27.54.00,28.30.00,12.11,23.21,34.43.00,58.33.00,29.46.00,10.58,8.33,62.32.00,90.19.00,90.40.00,85.50.00,71.02.00,33.44.00,70.33.00,128.43.00,162.15.00,156.30.00,92.39.00,87.48.00,113.46.00,95.13.00,90.29.00,36.17.00,35.49.00,96.51.00,105.23.00,49.25.00,31.13.00,49.29.00,86.03.00,102.33.00,71.23.00,91.19.00,102.13.00,83.37.00,39.37.00,32.37.00,29.09.00,21.44,9.57,18.44,17.27,8.27,2.39,3.15,3.21,4.08,2.11,1.10,2.18,1.32,2.23,0.36,1.43,R
8.39,9.08,14.02,5.19,19.18,15.22,17.07,10.13,24.25.00,47.18.00,46.42.00,51.26.00,44.17.00,63.21.00,93.46.00,72.56.00,43.37.00,19.59,111.16.00,156.42.00,130.32.00,89.12.00,113.29.00,152.54.00,126.53.00,137.00.00,147.52.00,101.31.00,49.27.00,18.23,21.58,10.24,16.30,66.46.00,61.06.00,17.30,31.55.00,65.30.00,71.28.00,42.26.00,19.11,36.36.00,31.19.00,23.57,35.46.00,39.20.00,18.45,4.14,4.45,2.58,0.52,1.21,2.00,0.45,2.01,1.37,1.25,0.47,0.48,0.53,R
3.43,6.15,8.04,7.55,10.47,9.51,12.33,1.38,11.24,24.47.00,19.16,27.34.00,63.53.00,59.58.00,28.33.00,18.56,5.49,63.16.00,123.21.00,165.25.00,163.22.00,148.10.00,111.52.00,71.26.00,56.14.00,122.46.00,160.11.00,122.33.00,80.56.00,26.34.00,50.07.00,68.16.00,52.50.00,55.05.00,56.48.00,36.26.00,41.03.00,45.26.00,28.00.00,46.32.00,42.38.00,29.00.00,35.21.00,18.19,16.25,21.11,24.19.00,19.24,12.57,7.19,1.01,2.25,2.08,2.25,0.58,0.49,1.05,1.33,0.59,0.22,R
2.44,2.53,5.47,1.10,3.07,11.11,17.36,11.37,16.02,4.11,13.21,17.36,21.06,14.50,3.18,18.53,47.06.00,53.54.00,53.58.00,72.13.00,101.08.00,127.32.00,153.23.00,161.59.00,153.27.00,125.45.00,138.09.00,148.27.00,121.49.00,114.56.00,97.09.00,82.15.00,51.41.00,5.06,4.04,18.28,26.34.00,22.51,11.36,7.32,10.20,23.41,26.37.00,23.04,6.12,11.28,14.27,8.33,1.32,3.18,1.58,1.30,3.43,2.59,1.24,1.08,0.32,0.35,0.56,0.40,R
0.39,1.03,2.32,5.36,5.10,4.44,6.36,4.32,5.23,7.32,8.12,16.36,23.44,19.54,10.28,15.07,19.37,23.49,20.23,18.24,30.47.00,61.55.00,73.02.00,95.07.00,110.54.00,124.36.00,127.34.00,142.35.00,162.00.00,153.41.00,125.02.00,120.09.00,129.17.00,100.55.00,83.41.00,74.59.00,65.47.00,71.21.00,73.47.00,62.29.00,32.52.00,8.31,13.13,21.09,25.33.00,11.30,6.42,8.54,3.48,1.13,1.02,1.02,2.00,0.52,0.56,1.33,0.42,0.03,0.53,0.36,R
2.03,5.09,2.49,5.13,5.58,1.42,3.02,9.39,18.42,13.55,9.08,14.07,33.46.00,42.37.00,31.10.00,33.52.00,24.23.00,47.29.00,97.04.00,128.48.00,130.52.00,141.55.00,88.32.00,60.53.00,99.33.00,137.55.00,1.00,144.33.00,105.01.00,76.31.00,65.40.00,42.56.00,46.57.00,44.01.00,45.57.00,44.58.00,66.34.00,76.16.00,65.40.00,42.02.00,29.42.00,22.34,8.36,5.37,14.54,14.21,14.32,7.25,2.14,3.37,3.08,2.13,4.25,3.44,1.14,1.58,0.26,1.32,0.09,0.44,R
1.19,1.26,0.55,4.10,5.44,9.06,8.48,15.58,16.49,20.40,18.17,20.15,31.14.00,56.23.00,53.47.00,45.23.00,65.43.00,107.12.00,121.11.00,144.33.00,161.14.00,164.07.00,158.00.00,133.56.00,113.53.00,85.36.00,51.30.00,13.52,66.59.00,39.04.00,31.45.00,20.35,28.37.00,39.11.00,41.29.00,60.49.00,56.22.00,26.29.00,16.29,18.09,17.23,13.59,23.11,13.39,11.18,11.03,20.02,11.32,2.32,4.26,2.54,2.56,2.07,1.28,1.38,0.19,0.59,0.58,0.59,0.32,R
1.30,1.02,4.13,8.09,19.57,26.29.00,23.12,16.27,15.55,31.35.00,31.36.00,42.27.00,67.53.00,49.48.00,48.21.00,88.46.00,67.02.00,26.11.00,50.24.00,65.07.00,59.02.00,73.58.00,106.54.00,76.41.00,100.09.00,144.50.00,139.05.00,127.49.00,84.41.00,77.00.00,89.40.00,89.35.00,64.04.00,60.01.00,123.22.00,129.21.00,64.18.00,11.07,61.24.00,101.54.00,58.30.00,38.32.00,36.35.00,50.51.00,32.17.00,26.10.00,7.59,8.58,2.26,1.08,3.07,0.59,1.35,3.14,1.20,2.32,2.38,0.53,3.09,1.42,R
2.04,7.13,10.04,7.29,9.57,5.55,8.51,5.43,17.32,35.20.00,27.20.00,31.41.00,50.26.00,33.39.00,9.52,39.50.00,60.57.00,63.29.00,98.49.00,104.59.00,96.41.00,76.14.00,74.09.00,61.31.00,107.26.00,149.00.00,149.38.00,83.00.00,55.33.00,39.10.00,25.53.00,61.06.00,72.20.00,51.22.00,50.24.00,68.29.00,91.41.00,68.49.00,91.39.00,83.38.00,52.12.00,46.42.00,39.11.00,38.18.00,19.15,12.04,10.21,5.18,7.30,2.47,1.18,1.23,0.57,2.54,3.08,0.54,1.54,3.16,2.27,1.02,R
4.58,10.15,10.50,15.21,26.55.00,38.14.00,36.16.00,33.53.00,24.19.00,14.12,41.16.00,60.45.00,46.17.00,47.06.00,53.57.00,72.15.00,93.58.00,75.55.00,72.28.00,107.13.00,65.32.00,33.09.00,59.00.00,152.45.00,156.11.00,77.00.00,46.11.00,110.13.00,133.48.00,70.00.00,86.32.00,116.02.00,96.32.00,148.09.00,131.03.00,118.53.00,126.55.00,73.21.00,50.09.00,52.43.00,46.49.00,48.18.00,8.46,31.07.00,25.53.00,27.13.00,20.52,12.28,7.32,1.04,2.34,0.31,2.33,1.11,3.32,1.16,2.32,0.49,3.20,1.13,R
5.52,1.56,3.11,7.49,12.17,19.45,28.03.00,25.41.00,24.26.00,48.32.00,38.48.00,37.17.00,41.10.00,26.00.00,58.11.00,55.08.00,38.19.00,36.43.00,41.33.00,68.48.00,52.38.00,103.11.00,97.34.00,56.35.00,42.41.00,93.19.00,135.45.00,115.41.00,116.25.00,144.20.00,98.50.00,61.04.00,112.30.00,144.57.00,130.37.00,125.52.00,96.29.00,78.33.00,20.52,101.27.00,122.02.00,99.37.00,57.11.00,30.03.00,39.38.00,57.04.00,38.23.00,11.29,3.36,7.49,7.06,5.46,2.38,2.34,1.49,0.48,1.35,0.15,1.13,1.07,R
3.12,10.07,6.18,12.54,23.08,13.29,9.28,3.39,17.17,19.46,20.37,26.41.00,58.40.00,74.39.00,62.49.00,96.01.00,107.06.00,113.10.00,119.17.00,91.06.00,89.59.00,106.02.00,130.49.00,129.16.00,96.20.00,81.02.00,69.41.00,40.57.00,11.56,10.13,30.16.00,74.53.00,99.36.00,63.05.00,41.35.00,96.11.00,147.32.00,140.09.00,59.30.00,52.13.00,101.36.00,106.18.00,45.09.00,23.39,21.00,21.28,13.10,13.49,8.40,3.36,6.00,5.31,2.11,2.00,1.48,0.24,0.45,0.37,1.52,1.15,R
4.30,1.32,2.25,4.38,6.52,12.37,17.06,18.58,13.14,25.20.00,27.55.00,22.50,22.41,22.25,35.44.00,89.14.00,113.50.00,93.20.00,51.33.00,53.46.00,73.50.00,92.53.00,96.22.00,102.53.00,135.32.00,163.39.00,163.43.00,152.46.00,123.43.00,128.56.00,141.13.00,122.32.00,111.11.00,101.23.00,103.59.00,99.32.00,95.15.00,87.22.00,48.44.00,25.36.00,33.23.00,33.51.00,36.47.00,29.38.00,22.33,22.53,12.29,7.52,5.25,2.59,0.45,1.24,0.10,0.18,1.08,0.39,2.00,2.12,1.10,1.28,R
2.06,2.29,10.41,28.52.00,42.45.00,42.39.00,49.07.00,68.30.00,83.03.00,98.40.00,97.12.00,90.19.00,91.12.00,88.34.00,83.01.00,116.25.00,138.12.00,130.39.00,136.55.00,156.03.00,1.00,153.44.00,130.39.00,91.10.00,76.02.00,98.42.00,90.48.00,66.11.00,14.42,39.45.00,33.25.00,9.47,42.24.00,33.29.00,5.29,25.47.00,20.12,40.46.00,52.51.00,53.15.00,50.51.00,13.56,21.06,23.01,18.56,8.36,1.13,4.38,6.12,2.01,2.33,1.32,0.35,1.38,2.01,0.06,3.01,1.34,1.56,1.03,R
7.53,8.29,13.39,20.52,29.43.00,51.10.00,50.08.00,39.22.00,63.50.00,62.39.00,50.21.00,48.29.00,38.21.00,23.31,26.22.00,40.30.00,74.34.00,99.24.00,112.24.00,132.49.00,138.39.00,130.13.00,143.46.00,122.49.00,68.42.00,43.16.00,56.32.00,63.08.00,74.48.00,104.41.00,124.09.00,122.08.00,128.24.00,131.10.00,100.48.00,97.40.00,106.25.00,121.19.00,104.46.00,88.36.00,67.49.00,29.51.00,27.05.00,42.07.00,31.43.00,27.23.00,10.04,3.29,7.16,2.55,1.47,3.13,1.58,1.04,0.42,0.54,0.49,1.22,0.28,0.27,R
11.04,9.35,14.02,6.12,7.38,12.51,12.51,18.50,39.13.00,30.38.00,47.49.00,68.49.00,60.47.00,33.04.00,47.20.00,67.19.00,97.17.00,113.12.00,101.26.00,80.58.00,54.06.00,33.33.00,34.42.00,28.06.00,41.24.00,45.36.00,49.44.00,77.35.00,116.30.00,124.34.00,132.36.00,133.01.00,111.55.00,115.42.00,124.00.00,136.09.00,148.32.00,1.00,145.53.00,117.41.00,113.23.00,98.18.00,76.58.00,60.39.00,24.52.00,20.16,21.46,19.58,9.38,3.55,2.15,2.21,3.10,0.43,0.36,0.26,0.24,2.42,1.49,1.19,R
1.39,8.04,4.59,4.57,10.52,17.57,39.23.00,39.45.00,1.15,31.22.00,24.16.00,31.32.00,52.56.00,22.20,36.09.00,40.58.00,43.09.00,46.26.00,38.18.00,10.56,24.01.00,19.39,27.48.00,29.43.00,41.16.00,42.50.00,17.16,89.16.00,118.44.00,104.51.00,79.16.00,100.15.00,120.08.00,103.54.00,95.25.00,125.23.00,145.12.00,154.12.00,161.49.00,154.57.00,149.55.00,131.51.00,93.20.00,47.18.00,73.27.00,91.47.00,72.11.00,48.25.00,33.01.00,12.59,6.36,2.53,2.29,1.55,3.22,2.19,0.29,2.40,1.46,2.14,R
1.55,2.30,2.16,1.16,3.31,17.38,17.03,7.20,15.31,12.14,12.20,10.22,17.35,19.43,28.41.00,43.04.00,53.52.00,63.37.00,70.43.00,70.17.00,74.09.00,67.55.00,55.06.00,66.52.00,74.26.00,86.58.00,125.52.00,158.23.00,1.00,151.24.00,138.03.00,126.11.00,121.02.00,102.32.00,94.40.00,95.57.00,88.44.00,61.12.00,27.49.00,14.26,10.46,31.31.00,44.43.00,48.07.00,39.01.00,27.48.00,16.55,19.55,11.44,2.47,1.47,1.31,0.16,1.24,1.04,0.26,0.29,0.37,1.10,0.41,R
4.53,10.44,6.30,2.53,7.56,13.36,16.33,5.15,12.16,14.20,6.54,7.52,13.55,15.38,24.26.00,13.29,19.39,36.19.00,55.26.00,54.18.00,35.11.00,38.22.00,56.01.00,70.59.00,76.49.00,43.26.00,14.34,47.42.00,93.26.00,139.04.00,134.56.00,120.50.00,134.08.00,157.15.00,1.00,149.20.00,91.56.00,50.37.00,38.58.00,39.42.00,55.18.00,63.41.00,26.15.00,37.08.00,26.22.00,23.53,27.14.00,18.53,9.27,2.13,2.50,0.35,0.52,1.23,1.18,1.15,1.45,2.40,1.35,0.11,R
3.21,0.26,2.18,1.02,2.13,2.31,9.01,3.30,8.25,18.17,14.01,15.42,20.04,7.00,0.31,2.42,10.24,35.27.00,57.16.00,63.33.00,63.45.00,79.24.00,105.13.00,125.23.00,144.35.00,146.28.00,131.41.00,139.17.00,160.31.00,160.19.00,153.56.00,148.23.00,161.48.00,160.47.00,131.32.00,88.27.00,45.18.00,32.33.00,22.54,51.45.00,63.10.00,68.25.00,55.55.00,49.58.00,45.48.00,33.44.00,17.23,7.33,5.37,2.02,1.12,1.48,1.10,1.03,0.30,0.11,0.07,0.24,0.57,0.44,R
2.31,5.20,9.59,17.30,19.23,28.54.00,27.59.00,18.39,14.49,20.05,14.07,25.18.00,38.25.00,46.33.00,56.44.00,75.27.00,115.50.00,146.47.00,152.34.00,125.42.00,112.16.00,119.06.00,138.55.00,128.21.00,116.33.00,109.03.00,84.00.00,82.06.00,83.12.00,69.21.00,27.11.00,6.44,10.37,49.22.00,60.09.00,31.06.00,7.56,24.57.00,40.05.00,33.00.00,52.55.00,39.39.00,28.36.00,25.59.00,25.56.00,7.02,8.13,7.56,3.39,0.59,1.26,1.01,0.15,1.24,2.08,0.54,0.11,0.19,0.23,1.02,R
2.57,5.00,4.48,6.34,10.30,8.46,11.28,10.33,10.24,10.13,28.00.00,57.56.00,76.01.00,86.28.00,105.08.00,120.01.00,85.53.00,63.38.00,44.04.00,55.45.00,81.05.00,110.28.00,123.09.00,153.33.00,1.00,129.10.00,93.13.00,102.52.00,143.55.00,109.52.00,79.30.00,83.03.00,55.30.00,51.16.00,47.56.00,37.06.00,13.14,10.03,17.29,10.06,25.30.00,16.23,27.23.00,31.41.00,18.27,31.57.00,24.27.00,6.32,5.56,4.30,2.48,1.42,2.02,0.44,1.15,2.04,1.39,0.57,0.32,0.19,R
1.40,4.35,3.10,6.11,6.56,3.21,5.14,10.51,31.36.00,44.28.00,56.16.00,54.42.00,40.32.00,21.08,21.18,74.01.00,113.15.00,117.31.00,132.46.00,156.41.00,164.17.00,136.33.00,96.29.00,106.34.00,117.23.00,114.35.00,68.01.00,30.11.00,34.24.00,65.17.00,63.11.00,34.02.00,37.07.00,55.41.00,66.24.00,84.37.00,92.14.00,55.52.00,45.23.00,37.58.00,34.04.00,33.06.00,13.55,15.08,23.00,32.28.00,20.11,14.03,9.49,4.07,1.58,1.28,1.44,0.36,1.28,0.47,1.57,0.20,1.31,0.58,R
3.09,5.08,3.17,10.22,1.20,13.09,24.00.00,24.11.00,29.49.00,42.02.00,43.27.00,61.50.00,65.06.00,44.32.00,45.16.00,69.43.00,116.28.00,95.33.00,37.06.00,43.51.00,124.33.00,121.03.00,56.33.00,47.04.00,100.53.00,98.17.00,82.47.00,143.36.00,138.59.00,68.04.00,37.48.00,29.05.00,8.27,26.28.00,50.40.00,22.49,26.45.00,34.21.00,12.14,3.22,27.18.00,26.23.00,30.30.00,31.26.00,16.48,11.03,3.03,6.44,1.48,2.23,1.31,0.38,1.36,2.22,3.10,2.20,1.39,1.32,0.52,1.15,R
4.00,3.38,5.24,9.29,5.30,8.33,14.57,11.53,9.29,6.29,32.14.00,40.34.00,48.26.00,43.26.00,63.31.00,83.17.00,50.15.00,60.55.00,113.11.00,121.47.00,84.13.00,74.01.00,116.27.00,135.33.00,129.41.00,149.03.00,148.49.00,148.33.00,143.30.00,134.23.00,92.20.00,40.46.00,57.39.00,26.55.00,41.07.00,92.44.00,78.01.00,16.19,26.22.00,12.31,55.21.00,62.25.00,44.26.00,17.58,23.38,28.07.00,12.18,10.34,2.24,3.46,1.01,2.42,2.26,1.33,1.52,1.34,0.54,0.19,1.06,0.23,R
1.24,2.33,4.51,7.12,15.51,12.32,6.54,4.19,11.32,29.13.00,32.50.00,19.27,28.03.00,13.34,36.19.00,85.21.00,120.31.00,129.36.00,103.42.00,58.21.00,62.13.00,43.42.00,62.56.00,122.41.00,144.33.00,137.03.00,129.32.00,131.02.00,94.12.00,60.35.00,58.54.00,64.25.00,56.10.00,28.13.00,43.47.00,53.15.00,23.08,17.28,28.01.00,31.50.00,19.34,15.33,14.16,15.51,16.26,15.56,7.06,6.47,1.46,2.59,0.56,3.56,1.54,2.16,1.57,1.00,0.58,0.31,1.12,0.45,R
3.15,3.33,0.58,3.10,5.19,9.31,16.44,11.08,11.31,4.02,12.08,10.39,50.02.00,64.14.00,79.27.00,76.42.00,52.55.00,69.20.00,107.08.00,1.00,143.51.00,86.52.00,52.36.00,99.12.00,128.52.00,100.42.00,72.55.00,91.27.00,78.40.00,103.55.00,64.11.00,26.30.00,64.51.00,88.14.00,58.24.00,74.40.00,67.21.00,83.51.00,107.55.00,91.33.00,59.08.00,33.48.00,31.22.00,14.05,21.55,26.30.00,9.22,10.17,5.43,6.10,4.21,2.37,1.14,4.31,3.23,1.29,1.35,1.35,0.21,0.53,R
7.22,7.57,0.49,9.41,4.38,11.18,27.44.00,24.50.00,16.14,21.08,18.29,39.35.00,33.27.00,35.40.00,18.29,33.56.00,41.08.00,111.22.00,139.05.00,137.32.00,133.37.00,149.42.00,161.04.00,141.55.00,110.26.00,54.01.00,34.14.00,94.29.00,95.26.00,81.17.00,125.32.00,126.40.00,86.25.00,68.40.00,92.40.00,92.49.00,22.16,63.51.00,76.51.00,72.10.00,42.36.00,24.26.00,58.09.00,44.19.00,15.44,22.50,22.24,6.56,11.59,10.37,3.30,3.24,3.36,2.15,0.55,1.13,1.20,1.45,0.59,1.45,R
5.11,8.11,11.32,13.51,1.19,3.20,16.21,16.56,33.45.00,12.47,29.27.00,42.35.00,46.52.00,45.22.00,53.47.00,57.43.00,89.55.00,131.51.00,151.04.00,145.01.00,127.52.00,49.17.00,69.08.00,100.43.00,52.58.00,58.02.00,102.38.00,134.09.00,104.49.00,83.19.00,97.10.00,111.00.00,68.44.00,21.00,41.27.00,77.56.00,89.42.00,52.30.00,35.39.00,30.48.00,27.59.00,38.48.00,16.55,11.53,10.15,12.59,12.41,14.05,9.52,1.08,1.29,1.27,0.32,2.10,3.08,1.41,3.49,3.02,0.46,0.38,R
3.26,2.12,8.53,9.29,10.47,23.52,22.24,34.01.00,26.11.00,26.13.00,38.47.00,29.45.00,25.07.00,31.56.00,34.21.00,38.27.00,39.20.00,21.39,63.32.00,97.38.00,74.57.00,81.16.00,1.00,144.35.00,78.38.00,89.01.00,103.17.00,119.03.00,93.25.00,62.08.00,41.21.00,32.01.00,23.06,55.25.00,48.03.00,53.48.00,43.27.00,34.00.00,39.56.00,21.59,11.23,5.34,11.56,16.16,13.07,8.42,8.20,3.51,3.41,2.24,5.07,6.26,2.27,0.18,1.40,1.36,1.17,3.00,1.49,1.10,R
1.34,2.46,6.38,5.59,11.21,11.46,17.00,14.53,6.21,22.08,21.43,4.33,10.44,11.52,20.04,11.57,20.24,39.09.00,61.24.00,65.18.00,82.05.00,146.33.00,160.06.00,146.26.00,115.05.00,115.37.00,94.34.00,109.00.00,130.02.00,126.15.00,97.16.00,105.16.00,135.08.00,150.39.00,144.07.00,111.35.00,67.07.00,39.30.00,44.45.00,61.02.00,54.27.00,36.40.00,49.56.00,36.45.00,19.23,10.35,7.45,7.02,2.54,2.52,2.14,2.21,3.11,2.25,1.05,2.09,3.37,1.27,1.17,2.02,R
5.33,3.41,4.30,8.01,11.19,16.21,14.03,19.32,12.39,15.20,24.35.00,8.42,18.39,16.10,19.34,27.58.00,27.22.00,20.05,8.14,25.44.00,58.05.00,102.26.00,152.26.00,156.04.00,144.37.00,146.12.00,142.33.00,147.13.00,1.00,138.16.00,110.01.00,91.39.00,95.16.00,114.19.00,113.45.00,85.42.00,45.50.00,22.38,25.51.00,44.06.00,33.14.00,31.23.00,45.46.00,27.31.00,9.35,11.35,9.58,7.36,0.21,1.08,0.36,0.22,0.32,1.00,0.54,1.03,2.23,2.12,0.51,0.41,R
2.03,0.22,3.16,3.26,3.00,8.12,0.33,6.38,13.11,7.55,19.12,8.40,19.52,32.23.00,30.40.00,34.37.00,32.36.00,27.10.00,20.18,16.57,22.34,52.37.00,77.25.00,98.26.00,112.56.00,135.19.00,143.14.00,153.48.00,139.47.00,120.38.00,104.52.00,86.21.00,77.09.00,87.35.00,85.47.00,65.29.00,21.19,6.51,14.19,18.51,21.46,29.17.00,44.08.00,32.35.00,10.56,9.40,5.19,5.01,4.32,1.14,2.29,2.05,2.14,0.26,0.38,0.18,1.53,0.58,0.47,1.11,R
1.31,3.33,3.26,8.25,10.57,13.15,16.10,14.32,12.23,13.57,26.19.00,14.58,5.09,30.56.00,49.29.00,33.52.00,21.04,27.35.00,27.41.00,34.51.00,38.30.00,74.20.00,110.34.00,115.33.00,127.43.00,136.46.00,117.29.00,126.00.00,124.26.00,106.27.00,80.46.00,55.28.00,89.16.00,145.41.00,142.53.00,111.58.00,57.26.00,52.30.00,45.02.00,43.18.00,45.42.00,59.54.00,73.02.00,41.00.00,12.38,3.07,13.17,12.28,6.07,2.35,5.00,1.52,1.52,1.42,0.26,1.37,1.38,0.43,1.11,1.48,R
1.08,3.52,8.33,7.24,4.09,10.37,7.02,18.50,31.51.00,41.15.00,26.46.00,15.22,39.58.00,53.40.00,71.35.00,44.12.00,11.06,24.02.00,39.33.00,43.15.00,41.33.00,65.03.00,106.24.00,133.57.00,117.06.00,114.34.00,116.37.00,142.38.00,1.00,160.21.00,149.56.00,126.15.00,115.02.00,94.46.00,73.16.00,75.46.00,49.19.00,26.27.00,28.01.00,14.02,19.33,29.14.00,45.28.00,28.25.00,3.14,3.33,5.54,7.00,1.33,3.24,3.19,2.53,2.43,0.55,0.45,1.08,0.41,0.52,3.14,1.45,R
1.33,3.05,0.56,1.04,4.20,7.38,7.50,0.57,7.05,10.40,14.48,26.39.00,25.41.00,46.08.00,36.16.00,46.39.00,58.11.00,47.04.00,41.19.00,50.05.00,71.40.00,78.04.00,75.20.00,83.46.00,103.37.00,109.31.00,110.32.00,122.01.00,142.14.00,1.00,140.48.00,105.54.00,105.08.00,103.31.00,116.16.00,97.48.00,81.29.00,61.23.00,34.03.00,24.29.00,37.00.00,24.09.00,24.50.00,20.11,19.04,13.11,6.05,2.32,1.25,2.00,0.22,1.09,1.04,2.09,1.54,0.54,1.29,0.50,0.58,0.25,R
3.31,5.19,6.55,4.46,2.01,7.18,21.39,23.10,11.35,9.28,14.29,32.15.00,24.38.00,31.11.00,33.14.00,54.43.00,114.21.00,96.54.00,41.40.00,28.54.00,56.03.00,93.08.00,109.52.00,116.52.00,134.59.00,148.21.00,145.45.00,131.27.00,145.25.00,156.16.00,148.40.00,125.08.00,113.52.00,126.50.00,150.17.00,1.00,152.03.00,123.08.00,98.35.00,67.37.00,50.19.00,38.51.00,48.51.00,38.18.00,39.51.00,31.50.00,18.16,5.00,2.51,6.23,0.53,1.30,0.42,2.33,1.46,0.20,1.45,0.49,1.10,1.20,R
1.33,4.29,3.37,5.39,5.05,19.32,24.10.00,10.38,12.20,22.40,35.32.00,62.18.00,62.18.00,44.33.00,38.53.00,89.27.00,121.52.00,127.39.00,104.31.00,73.15.00,72.10.00,72.06.00,92.24.00,122.40.00,143.09.00,149.49.00,157.00.00,156.41.00,156.19.00,142.55.00,121.24.00,111.40.00,125.47.00,146.13.00,165.19.00,165.22.00,156.59.00,139.48.00,110.05.00,80.16.00,48.37.00,29.29.00,18.56,11.41,26.18.00,32.18.00,18.26,11.33,2.56,3.25,5.09,3.32,1.31,0.56,1.26,1.32,1.10,1.56,1.00,1.50,R
4.17,7.27,6.28,3.59,21.55,22.03,26.48.00,35.45.00,14.07,9.21,14.51,14.21,25.31.00,25.24.00,30.49.00,47.51.00,33.29.00,45.48.00,83.37.00,36.12.00,82.58.00,87.45.00,60.47.00,96.08.00,86.01.00,95.15.00,66.46.00,60.50.00,111.25.00,144.19.00,134.12.00,68.02.00,56.19.00,84.52.00,112.56.00,121.53.00,101.02.00,117.20.00,147.29.00,149.39.00,129.11.00,120.47.00,128.53.00,129.22.00,100.09.00,75.14.00,51.36.00,30.59.00,15.56,3.26,3.26,1.36,2.33,1.36,2.11,3.18,0.25,3.19,4.15,3.00,R
6.48,10.53,6.37,10.04,8.16,30.17.00,19.38,17.04,9.43,36.16.00,40.59.00,55.32.00,51.27.00,43.33.00,53.52.00,62.11.00,70.03.00,89.24.00,117.42.00,136.36.00,147.15.00,138.19.00,126.49.00,126.45.00,139.27.00,148.25.00,127.32.00,98.17.00,50.37.00,13.43,46.27.00,120.41.00,133.52.00,134.10.00,127.56.00,124.28.00,104.13.00,28.50.00,48.36.00,83.23.00,87.00.00,80.24.00,66.44.00,64.37.00,27.31.00,7.22,11.03,6.58,7.55,3.55,1.06,1.02,2.09,3.04,1.09,3.18,3.19,1.42,1.10,0.55,R
5.08,5.39,3.22,14.49,26.10.00,29.10.00,15.20,22.33,26.33.00,46.35.00,55.36.00,49.00.00,26.48.00,55.35.00,83.05.00,121.35.00,122.30.00,137.33.00,146.33.00,160.57.00,1.00,145.07.00,107.51.00,99.33.00,136.58.00,129.15.00,101.51.00,69.55.00,49.50.00,22.34,40.38.00,93.44.00,92.35.00,116.03.00,121.38.00,117.02.00,91.08.00,23.41,78.58.00,106.50.00,72.55.00,52.58.00,39.37.00,46.48.00,22.54,18.56,17.14,11.28,7.02,1.57,1.10,2.47,2.07,2.18,1.30,0.51,0.29,2.02,0.56,0.20,R
6.13,4.41,3.52,3.45,2.59,12.13,14.01,17.11,16.33,13.22,26.04.00,42.45.00,43.44.00,19.39,9.57,26.03.00,37.21.00,59.46.00,29.52.00,54.16.00,101.19.00,116.28.00,139.51.00,142.33.00,128.30.00,103.35.00,95.36.00,73.22.00,67.36.00,73.31.00,85.30.00,99.25.00,121.12.00,108.59.00,98.22.00,89.53.00,81.37.00,68.01.00,69.05.00,100.03.00,119.56.00,110.33.00,104.47.00,68.07.00,53.32.00,41.58.00,24.42.00,16.28,5.17,4.29,1.06,0.08,0.45,0.24,0.06,1.13,1.36,0.54,1.25,1.00,R
3.10,0.38,10.42,7.32,5.33,11.30,15.01,24.14.00,12.20,5.49,24.19.00,57.53.00,53.17.00,47.03.00,2.46,9.32,36.04.00,76.03.00,63.39.00,93.47.00,108.04.00,120.35.00,137.22.00,146.06.00,1.00,143.02.00,109.23.00,84.47.00,80.17.00,75.30.00,75.21.00,75.32.00,89.45.00,88.28.00,89.16.00,87.51.00,71.00.00,40.36.00,20.05,64.05.00,68.27.00,84.27.00,70.16.00,41.19.00,26.26.00,18.44,10.51,13.09,5.25,1.10,0.26,1.33,1.58,1.52,1.34,2.20,1.12,0.22,0.55,2.02,R
1.59,9.42,10.23,10.00,23.17,31.23.00,23.42,24.07.00,8.07,14.24,35.43.00,62.00.00,44.25.00,35.13.00,18.23,18.56,32.14.00,69.02.00,54.39.00,103.42.00,124.28.00,127.56.00,131.07.00,137.33.00,1.00,158.01.00,125.39.00,100.08.00,90.37.00,89.47.00,93.39.00,85.41.00,101.24.00,93.41.00,99.16.00,101.18.00,83.45.00,47.09.00,7.57,46.51.00,57.02.00,85.47.00,72.52.00,41.10.00,28.28.00,22.23,13.58,12.35,5.04,1.14,1.09,0.25,1.43,1.14,2.03,1.09,1.16,1.13,0.30,2.18,R
5.53,11.53,5.26,4.32,6.10,13.12,18.03,11.27,4.58,14.40,17.58,16.19,37.30.00,46.59.00,34.59.00,20.40,28.19.00,15.39,18.11,23.30,21.08,52.31.00,23.50,37.44.00,95.56.00,131.16.00,119.18.00,99.58.00,93.03.00,104.55.00,127.39.00,149.00.00,140.36.00,113.27.00,139.40.00,1.00,158.17.00,131.06.00,94.07.00,58.00.00,43.05.00,38.24.00,49.08.00,56.03.00,50.17.00,36.33.00,21.56,17.58,9.19,0.35,1.38,2.43,4.02,0.43,3.22,1.48,0.37,1.36,1.33,0.53,R
2.11,1.08,5.08,5.11,1.25,12.47,12.51,10.40,12.06,15.01,12.30,14.04,20.26,26.59.00,38.37.00,48.54.00,58.46.00,60.57.00,53.41.00,51.33.00,68.04.00,71.25.00,77.43.00,99.16.00,115.48.00,139.46.00,147.55.00,106.44.00,55.08.00,57.05.00,82.00.00,76.32.00,50.34.00,72.46.00,86.15.00,85.22.00,79.06.00,81.42.00,76.43.00,74.20.00,69.56.00,47.53.00,38.16.00,15.49,1.35,8.47,6.23,1.47,1.48,1.17,1.49,1.02,0.28,0.40,1.15,0.39,0.53,0.13,0.52,0.23,R
1.27,0.46,1.21,3.50,9.46,11.22,16.33,11.57,9.36,13.38,21.55,31.02.00,46.29.00,42.59.00,37.20.00,42.48.00,48.53.00,49.51.00,65.24.00,78.11.00,94.25.00,107.44.00,112.54.00,126.17.00,147.36.00,156.59.00,1.00,142.44.00,113.10.00,93.07.00,69.07.00,49.06.00,33.45.00,11.28,19.31,35.57.00,36.56.00,46.16.00,38.29.00,24.04.00,25.13.00,29.05.00,29.16.00,23.44,15.08,2.18,7.49,8.00,2.39,0.45,0.15,0.52,0.38,1.19,1.54,0.50,0.30,1.04,0.58,0.30,R
4.53,6.18,4.17,1.02,2.10,10.12,14.55,18.27,16.13,12.31,8.48,20.09,29.23.00,33.59.00,45.27.00,38.41.00,44.36.00,48.54.00,54.55.00,81.50.00,90.02.00,104.17.00,113.46.00,125.27.00,141.44.00,148.58.00,165.28.00,152.14.00,118.00.00,105.18.00,102.06.00,77.18.00,46.37.00,28.41.00,27.45.00,42.41.00,45.35.00,53.29.00,45.24.00,31.20.00,25.52.00,42.02.00,35.21.00,30.01.00,24.33.00,11.21,18.11,15.19,6.37,1.33,1.16,1.05,1.12,1.48,0.51,1.42,0.41,0.55,0.50,1.27,R
2.12,1.20,3.08,2.21,7.16,11.08,10.09,2.11,14.59,15.22,24.05.00,24.35.00,34.47.00,42.38.00,43.23.00,33.05.00,39.54.00,52.14.00,67.57.00,75.29.00,81.33.00,94.26.00,103.54.00,112.21.00,138.02.00,147.03.00,153.16.00,149.25.00,125.49.00,112.16.00,107.43.00,83.27.00,61.03.00,38.18.00,22.42,35.23.00,39.55.00,44.33.00,47.45.00,34.20.00,27.39.00,43.53.00,42.32.00,28.16.00,24.27.00,21.26,15.26,11.56,5.25,4.18,2.16,0.44,0.28,0.21,0.22,0.48,2.18,2.20,0.28,1.04,R
3.21,1.56,2.03,4.05,9.07,3.28,14.51,13.56,22.15,19.59,29.02.00,23.07,34.02.00,43.00.00,43.36.00,34.57.00,42.12.00,53.33.00,72.07.00,79.20.00,88.48.00,100.57.00,111.36.00,124.36.00,148.50.00,156.45.00,1.00,163.05.00,141.13.00,127.19.00,111.41.00,83.09.00,61.58.00,36.36.00,23.36,44.40.00,43.50.00,51.44.00,56.32.00,35.23.00,19.30,44.15.00,36.43.00,25.41.00,24.24.00,17.24,20.25,12.25,8.10,3.44,0.32,1.16,0.45,0.56,1.15,0.37,0.45,0.29,0.08,0.18,R
2.32,1.42,1.53,4.23,1.37,6.31,14.17,15.15,15.49,25.04.00,31.51.00,35.15.00,37.29.00,42.53.00,28.21.00,33.43.00,42.18.00,56.57.00,67.06.00,75.53.00,92.05.00,99.51.00,97.34.00,118.34.00,158.20.00,164.18.00,1.00,159.38.00,144.02.00,118.48.00,98.13.00,72.03.00,48.17.00,29.04.00,12.50,38.17.00,40.59.00,51.41.00,55.12.00,37.00.00,14.31,34.24.00,30.08.00,27.04.00,18.40,13.35,18.37,15.50,6.52,2.00,0.48,0.49,0.41,0.36,0.13,0.46,0.37,0.11,0.34,0.33,R
3.36,2.04,2.54,2.32,10.08,17.06,18.59,14.37,19.20,14.26,26.04.00,13.00,16.37,15.15,11.02,18.54,29.00.00,42.53.00,54.54.00,65.10.00,90.38.00,101.55.00,117.02.00,126.50.00,132.53.00,151.45.00,146.47.00,132.29.00,133.10.00,119.40.00,106.47.00,105.12.00,98.49.00,102.48.00,108.18.00,112.44.00,104.13.00,85.17.00,64.50.00,54.33.00,41.49.00,25.30.00,22.03,27.37.00,20.15,16.18,7.32,4.33,2.59,1.32,0.18,0.52,0.49,1.36,2.14,2.02,0.47,0.18,0.06,0.23,R
3.45,0.19,1.15,1.37,7.25,15.06,14.49,10.55,27.04.00,24.12.00,24.02.00,15.48,10.18,27.21.00,11.48,14.04,43.10.00,44.39.00,51.34.00,77.58.00,99.18.00,120.45.00,146.13.00,153.34.00,154.42.00,165.42.00,1.00,151.11.00,142.25.00,121.33.00,108.19.00,101.11.00,93.08.00,99.27.00,104.35.00,90.59.00,79.46.00,66.05.00,34.47.00,27.31.00,30.36.00,10.52,12.38,8.06,5.53,4.57,4.01,6.19,1.59,1.13,0.51,0.34,2.09,1.40,0.44,0.57,0.30,0.35,0.21,0.27,R
2.05,2.32,3.38,2.55,6.02,11.36,14.33,10.16,20.52,21.42,14.48,8.20,10.28,21.14,13.21,12.22,34.08.00,49.10.00,53.13.00,76.07.00,99.19.00,118.21.00,137.05.00,140.25.00,151.05.00,163.22.00,1.00,145.52.00,126.23.00,110.16.00,96.26.00,85.28.00,79.36.00,83.14.00,86.37.00,84.31.00,76.17.00,58.25.00,30.45.00,31.30.00,32.47.00,17.21,9.10,8.12,10.22,8.25,4.07,3.39,1.42,0.47,0.19,0.41,1.14,0.30,0.50,0.48,0.17,0.41,1.26,0.58,R
2.10,0.06,1.28,7.36,8.45,12.58,15.31,15.41,28.31.00,24.43.00,25.32.00,18.20,14.50,20.36,19.57,19.05,35.37.00,47.18.00,60.40.00,90.30.00,111.13.00,132.59.00,154.33.00,150.27.00,153.12.00,1.00,163.41.00,151.32.00,136.24.00,116.02.00,98.20.00,90.47.00,85.42.00,89.49.00,92.11.00,88.38.00,80.26.00,63.10.00,30.31.00,29.10.00,27.59.00,11.14,10.09,6.15,8.53,4.38,2.59,1.54,1.13,1.56,1.32,1.18,0.41,0.13,0.11,0.45,0.39,0.22,0.23,0.16,R
2.15,0.45,0.51,4.49,9.21,15.29,17.11,14.43,26.36.00,31.48.00,26.16.00,18.32,19.57,19.34,23.35,36.55.00,44.18.00,45.13.00,64.22.00,95.17.00,113.17.00,145.47.00,1.00,149.08.00,140.20.00,152.54.00,155.07.00,150.50.00,137.08.00,116.26.00,97.11.00,82.04.00,76.03.00,85.59.00,94.30.00,88.04.00,85.44.00,62.22.00,38.02.00,19.53,18.08,7.11,17.50,9.43,0.46,7.53,6.48,4.50,3.12,1.34,0.25,0.37,1.24,1.42,1.36,0.24,0.37,0.28,0.30,0.30,R
1.26,3.35,4.02,7.25,11.07,12.51,8.19,15.06,20.29,19.45,12.55,18.21,17.22,14.13,7.36,21.44,44.50.00,49.07.00,61.09.00,82.28.00,104.35.00,136.02.00,153.57.00,145.10.00,134.12.00,145.56.00,1.00,164.18.00,157.07.00,135.14.00,116.27.00,113.30.00,109.51.00,115.54.00,121.30.00,111.20.00,98.37.00,81.39.00,57.19.00,39.26.00,28.36.00,16.53,12.46,14.05,4.20,5.33,3.25,5.09,1.41,1.35,0.47,1.12,0.54,0.22,0.16,0.29,0.58,0.50,0.24,0.30,R
1.07,1.36,0.24,0.58,3.17,10.18,7.12,15.51,13.56,19.40,16.18,15.09,10.56,9.53,13.52,21.37,33.58.00,63.31.00,74.11.00,87.04.00,98.31.00,109.26.00,105.08.00,99.58.00,82.38.00,94.07.00,115.06.00,141.53.00,1.00,152.46.00,127.56.00,102.57.00,91.08.00,91.56.00,91.03.00,91.55.00,76.01.00,57.46.00,56.24.00,47.33.00,41.42.00,27.21.00,26.45.00,24.51.00,22.06,11.27,10.02,9.21,5.06,2.34,0.29,0.48,0.23,0.20,0.40,0.19,0.34,0.34,0.51,0.31,R
1.11,1.43,2.15,8.14,4.13,13.26,11.41,12.18,1.57,14.58,4.49,25.54.00,23.57,17.15,23.44,20.27,14.52,34.07.00,13.47,25.24.00,50.31.00,26.48.00,11.07,23.46,6.35,27.33.00,56.39.00,80.55.00,86.46.00,91.48.00,101.42.00,99.49.00,112.44.00,148.17.00,1.00,158.37.00,140.59.00,117.53.00,111.37.00,105.26.00,85.02.00,69.21.00,46.56.00,28.25.00,23.41,16.11,14.39,14.23,5.55,3.53,4.12,0.43,0.48,1.16,2.04,1.45,0.54,0.32,1.13,1.03,R
2.56,2.52,8.21,4.45,4.22,5.51,6.02,8.55,4.18,7.54,8.46,30.54.00,17.20,15.48,15.12,28.08.00,26.08.00,6.15,21.56,34.46.00,32.56.00,15.46,32.45.00,20.42,10.16,35.41.00,77.22.00,107.51.00,105.40.00,101.47.00,117.26.00,89.36.00,98.54.00,140.43.00,158.01.00,161.45.00,129.26.00,105.13.00,96.00.00,102.28.00,90.50.00,80.13.00,56.46.00,31.56.00,18.54,10.40,15.11,16.20,9.23,3.07,1.28,0.42,2.55,2.51,1.19,0.50,1.52,2.59,4.54,1.03,R
4.25,7.20,2.17,1.24,5.05,7.18,5.41,13.00,14.04,12.59,5.27,34.20.00,31.48.00,17.45,24.17.00,37.12.00,34.30.00,18.25,17.58,19.25,37.04.00,11.29,34.20.00,39.44.00,15.04,37.58.00,97.52.00,140.57.00,141.07.00,127.59.00,134.15.00,104.20.00,109.05.00,145.47.00,164.45.00,155.48.00,116.00.00,95.33.00,97.52.00,111.03.00,94.11.00,87.27.00,61.24.00,33.17.00,25.12.00,8.28,15.31,16.22,8.44,3.08,1.40,0.38,3.07,2.36,1.08,1.37,1.13,1.21,1.26,1.35,R
6.08,6.43,5.17,4.53,13.40,22.22,19.21,11.03,2.35,8.26,15.06,42.25.00,24.24.00,21.12,20.23,27.49.00,23.44,21.25,30.57.00,18.56,34.29.00,3.39,40.00.00,42.27.00,4.00,32.03.00,79.13.00,116.43.00,113.45.00,107.23.00,117.43.00,89.33.00,110.01.00,145.08.00,158.38.00,160.05.00,128.32.00,112.52.00,107.11.00,112.00.00,100.35.00,85.55.00,63.22.00,37.58.00,25.22.00,13.21,13.24,12.32,9.26,2.55,0.58,1.31,2.40,2.40,1.21,1.10,2.15,1.07,1.18,1.08,R
3.15,2.22,3.01,6.46,6.31,4.09,14.52,16.13,14.00,19.51,25.22.00,22.02,23.54,20.44,10.53,14.50,20.26,30.46.00,64.40.00,60.58.00,38.17.00,43.30.00,69.53.00,97.28.00,94.03.00,90.48.00,79.32.00,114.57.00,163.17.00,1.00,159.06.00,147.15.00,127.42.00,109.07.00,90.47.00,76.33.00,77.59.00,33.07.00,11.39,24.53.00,28.33.00,27.34.00,43.20.00,64.06.00,62.34.00,40.14.00,17.57,3.44,2.35,3.07,2.05,0.28,1.07,2.00,0.12,0.22,0.58,0.42,1.07,0.12,R
3.36,3.35,4.33,2.19,5.57,13.05,15.06,15.08,19.11,16.13,20.03,18.22,19.52,29.22.00,39.50.00,35.38.00,32.09.00,29.25.00,12.26,21.05,33.25.00,26.11.00,43.25.00,89.46.00,140.40.00,1.00,144.44.00,112.22.00,92.17.00,77.18.00,60.09.00,34.15.00,27.00.00,34.52.00,51.40.00,39.04.00,17.38,6.23,8.48,21.31,37.21.00,31.55.00,26.27.00,15.42,14.00,11.10,5.42,7.49,5.57,2.16,1.22,2.20,0.44,0.52,1.13,0.21,0.47,0.24,0.09,0.17,R
1.05,2.02,1.08,1.48,3.37,4.44,8.47,9.35,17.34,18.29,15.37,13.47,15.20,15.11,24.47.00,27.46.00,21.08,22.54,18.15,21.26,35.46.00,48.09.00,70.38.00,102.48.00,136.07.00,160.22.00,138.00.00,96.56.00,77.47.00,58.59.00,45.27.00,23.30,31.03.00,36.16.00,39.20.00,28.45.00,9.49,10.21,30.47.00,40.52.00,49.44.00,50.41.00,37.55.00,24.40.00,18.22,19.38,10.08,5.33,4.36,1.40,0.23,1.09,0.25,0.27,0.52,0.36,0.26,0.36,0.06,0.35,R
0.36,1.18,1.32,6.27,8.50,19.57,20.43,17.06,20.39,14.48,15.37,20.45,26.39.00,25.42.00,30.46.00,28.52.00,24.37.00,29.08.00,24.15.00,26.19.00,37.37.00,32.55.00,56.08.00,97.08.00,141.45.00,1.00,140.57.00,110.24.00,92.44.00,65.25.00,53.53.00,34.14.00,32.00.00,37.07.00,52.27.00,37.48.00,13.15,12.28,19.26,32.49.00,43.39.00,41.47.00,33.03.00,15.48,15.31,16.05,6.21,7.15,5.36,0.55,1.19,1.59,0.55,0.35,0.36,0.04,0.18,0.49,0.24,0.16,R
3.28,3.06,2.11,3.31,10.10,10.13,10.12,8.26,16.29,18.13,17.43,19.39,21.31,26.31.00,28.00.00,31.58.00,26.55.00,27.27.00,23.17,23.46,40.29.00,46.56.00,71.30.00,107.23.00,151.01.00,1.00,134.47.00,101.59.00,87.40.00,61.17.00,45.46.00,17.00,22.19,26.22.00,32.32.00,29.47.00,7.09,18.16,29.22.00,41.21.00,52.30.00,48.40.00,31.42.00,11.36,12.38,15.10,7.21,4.04,4.25,1.35,2.20,1.14,1.03,1.21,1.27,0.44,0.28,0.19,0.49,0.23,R
2.19,3.42,1.29,1.48,3.35,2.16,10.59,15.54,13.06,16.55,21.01,13.48,8.13,14.08,25.14.00,23.16,17.46,32.03.00,49.51.00,54.07.00,63.17.00,94.18.00,124.43.00,145.57.00,150.48.00,125.11.00,114.18.00,117.23.00,97.44.00,62.53.00,36.46.00,43.48.00,44.32.00,48.27.00,33.02.00,38.08.00,53.06.00,47.51.00,48.41.00,46.46.00,44.42.00,35.12.00,25.13.00,29.49.00,30.50.00,28.37.00,14.58,10.56,7.25,1.50,0.24,1.02,1.12,1.53,0.12,0.22,0.25,0.59,0.39,0.48,R
1.49,1.33,2.01,6.18,11.19,14.23,16.44,11.04,15.41,17.16,16.12,8.21,25.46.00,56.44.00,80.04.00,109.30.00,128.58.00,130.27.00,135.52.00,135.29.00,138.17.00,142.15.00,147.50.00,148.14.00,149.40.00,161.07.00,1.00,152.14.00,112.42.00,77.39.00,48.15.00,49.19.00,29.06.00,35.12.00,42.49.00,37.56.00,35.49.00,26.41.00,6.11,1.57,8.08,4.48,9.57,7.11,6.09,0.25,5.27,4.17,3.02,1.48,2.04,1.17,0.23,1.57,0.53,1.17,1.16,0.56,0.55,0.39,R
3.22,1.44,5.25,3.59,13.27,25.29.00,19.14,10.08,21.57,22.50,14.03,4.29,20.54,50.46.00,93.04.00,132.53.00,139.01.00,134.17.00,143.36.00,146.09.00,156.53.00,156.43.00,156.49.00,1.00,162.05.00,155.09.00,155.51.00,121.57.00,73.41.00,54.04.00,69.21.00,76.51.00,67.11.00,50.00.00,40.59.00,22.28,42.21.00,37.35.00,26.38.00,24.45.00,14.05,9.29,14.15,21.02,19.13,9.30,7.06,7.05,3.55,0.06,3.08,2.07,1.21,1.07,0.43,1.05,0.49,0.54,1.13,0.54,R
3.59,3.09,7.46,7.20,10.57,12.22,23.00,18.19,23.04,22.56,15.38,4.19,24.59.00,47.31.00,95.43.00,137.58.00,144.29.00,135.31.00,150.45.00,150.46.00,1.00,166.16.00,164.32.00,162.41.00,150.09.00,162.04.00,161.15.00,127.13.00,73.54.00,63.42.00,78.47.00,66.47.00,56.21.00,52.52.00,37.02.00,12.13,44.52.00,31.28.00,11.52,17.42,11.34,5.00,14.53,24.19.00,22.28,6.31,9.06,7.49,3.21,1.35,2.35,1.31,2.31,1.20,0.18,1.18,0.45,0.26,0.36,0.24,R
5.36,4.54,7.56,8.59,13.14,13.24,18.56,20.28,20.35,14.02,5.57,11.29,28.25.00,54.17.00,76.42.00,103.45.00,122.07.00,130.43.00,133.08.00,137.41.00,1.00,163.34.00,160.20.00,160.01.00,151.58.00,151.26.00,132.11.00,97.57.00,57.54.00,70.35.00,77.13.00,56.50.00,47.29.00,47.27.00,29.02.00,9.09,19.52,19.14,14.15,30.11.00,21.04,13.19,6.18,21.08,18.45,8.25,15.49,11.17,4.19,2.50,0.33,2.30,1.51,0.32,0.35,2.49,2.17,0.15,1.09,0.51,R
3.51,5.51,0.30,5.04,5.39,14.20,28.58.00,22.31,17.43,5.47,9.35,23.02,37.54.00,67.18.00,87.03.00,114.07.00,125.21.00,129.20.00,128.28.00,143.47.00,1.00,147.53.00,134.17.00,146.00.00,151.06.00,157.10.00,147.26.00,108.20.00,49.30.00,40.23.00,49.52.00,38.05.00,37.57.00,25.29.00,17.17,5.52,17.53,22.53,22.11,24.14.00,18.35,7.20,12.42,23.01,13.51,10.54,14.04,9.55,8.17,5.13,2.34,1.46,1.37,0.22,0.52,1.12,0.56,0.38,0.43,0.30,R
1.48,1.26,0.58,7.40,12.32,14.47,16.55,8.14,7.52,6.33,18.26,23.32,36.42.00,49.36.00,68.36.00,79.14.00,89.50.00,104.39.00,117.40.00,131.58.00,158.13.00,1.00,160.45.00,157.12.00,144.18.00,131.35.00,108.21.00,74.52.00,78.59.00,102.33.00,82.09.00,53.15.00,62.15.00,55.36.00,17.32,11.11,6.19,7.41,28.14.00,36.09.00,27.57.00,10.44,2.39,12.58,10.53,3.30,8.29,6.27,4.22,1.41,2.41,0.29,1.18,1.54,1.23,0.58,0.03,0.23,0.26,0.27,R
3.49,6.09,0.40,6.15,7.35,24.12.00,36.51.00,19.48,12.30,27.11.00,45.09.00,55.58.00,68.11.00,73.20.00,91.25.00,120.13.00,135.37.00,153.05.00,1.00,156.58.00,151.56.00,155.49.00,124.44.00,85.46.00,68.26.00,57.23.00,116.21.00,145.13.00,150.13.00,133.34.00,73.00.00,21.59,28.29.00,41.24.00,50.44.00,38.32.00,22.18,34.16.00,41.14.00,46.30.00,26.50.00,0.56,5.51,19.08,22.11,4.36,12.43,10.31,5.09,4.00,1.55,1.04,0.22,2.02,2.31,0.56,0.26,0.29,1.44,2.43,R
1.40,3.14,2.35,8.09,13.59,16.49,27.07.00,34.31.00,44.56.00,49.50.00,54.02.00,59.25.00,65.51.00,86.41.00,115.53.00,141.08.00,1.00,154.38.00,141.50.00,133.30.00,135.42.00,147.05.00,121.42.00,101.47.00,119.19.00,140.58.00,105.19.00,80.08.00,104.51.00,119.12.00,100.05.00,70.35.00,68.26.00,66.32.00,28.50.00,32.55.00,39.30.00,22.19,26.23.00,52.31.00,32.48.00,34.14.00,21.12,18.49,32.26.00,36.35.00,32.10.00,24.58.00,12.53,3.16,2.02,2.10,1.13,1.17,1.15,1.00,1.20,0.19,0.53,0.19,R
6.49,7.01,9.33,2.10,3.03,16.59,17.34,17.50,38.22.00,37.39.00,39.33.00,55.23.00,63.47.00,80.40.00,113.32.00,125.55.00,158.42.00,163.46.00,147.51.00,137.48.00,126.01.00,136.57.00,116.07.00,107.24.00,115.48.00,133.34.00,100.53.00,101.24.00,147.57.00,142.37.00,92.43.00,48.17.00,60.38.00,79.46.00,48.28.00,14.59,34.03.00,28.27.00,6.47,21.26,26.21.00,36.31.00,28.21.00,16.11,36.57.00,45.32.00,31.14.00,17.42,11.05,6.45,1.53,0.28,0.36,1.45,2.00,1.27,1.01,1.01,0.30,1.18,R
3.37,5.40,6.32,3.56,18.01,19.24,23.18,16.49,19.07,29.37.00,67.59.00,68.33.00,66.13.00,84.38.00,108.29.00,134.33.00,163.39.00,1.00,156.47.00,140.52.00,135.06.00,141.00.00,103.32.00,96.55.00,129.05.00,136.44.00,93.21.00,49.49.00,83.29.00,110.28.00,95.53.00,67.35.00,62.26.00,58.01.00,26.20.00,23.42,35.30.00,31.06.00,16.43,39.56.00,37.21.00,33.49.00,11.50,26.46.00,27.49.00,28.20.00,30.29.00,23.23,8.26,3.44,1.35,0.31,1.43,1.18,1.17,1.34,0.31,0.30,0.13,1.09,R
6.18,5.18,7.03,5.50,29.47.00,27.15.00,14.47,13.37,29.39.00,34.13.00,52.15.00,51.58.00,61.26.00,64.45.00,97.30.00,131.08.00,162.19.00,1.00,164.03.00,143.30.00,140.43.00,151.01.00,97.27.00,67.13.00,99.06.00,113.13.00,106.29.00,83.22.00,92.58.00,80.31.00,78.49.00,55.18.00,66.09.00,64.54.00,38.34.00,17.16,21.52,14.24,42.49.00,52.59.00,44.09.00,45.14.00,28.33.00,9.44,20.30,36.40.00,36.38.00,17.54,7.03,2.42,1.33,0.46,0.44,1.18,1.42,1.05,1.01,1.02,0.43,0.53,R
6.05,27.12.00,27.16.00,23.41,18.50,21.46,35.12.00,37.48.00,49.52.00,62.15.00,50.42.00,6.27,44.39.00,89.57.00,103.24.00,120.57.00,139.10.00,114.48.00,74.10.00,65.21.00,93.25.00,125.45.00,138.31.00,1.00,146.02.00,118.12.00,116.49.00,83.34.00,65.42.00,74.16.00,67.52.00,12.53,23.43,6.41,59.57.00,114.07.00,117.56.00,59.57.00,10.12,50.27.00,66.06.00,64.28.00,39.40.00,34.19.00,38.08.00,28.24.00,26.27.00,29.52.00,17.02,2.31,3.43,1.50,1.11,3.25,2.44,1.03,1.18,1.34,1.50,1.08,R
3.08,6.10,15.53,13.44,4.09,8.08,23.44,32.52.00,31.13.00,30.06.00,35.39.00,25.23.00,32.55.00,80.44.00,121.38.00,130.07.00,131.46.00,102.02.00,70.00.00,46.47.00,85.48.00,126.09.00,143.16.00,1.00,140.57.00,113.17.00,116.11.00,97.23.00,79.32.00,86.41.00,70.41.00,26.32.00,27.48.00,9.48,66.07.00,119.07.00,121.59.00,58.29.00,9.49,44.50.00,70.00.00,64.34.00,40.40.00,33.20.00,38.27.00,31.26.00,32.40.00,28.21.00,22.46,6.38,2.23,1.33,0.33,1.53,0.30,0.57,1.30,0.57,1.08,0.24,R
14.16,7.34,6.22,3.23,6.25,8.54,35.40.00,51.50.00,47.17.00,45.51.00,45.07.00,15.46,17.00,75.19.00,112.17.00,111.39.00,117.46.00,93.52.00,63.05.00,45.21.00,88.17.00,128.17.00,144.03.00,155.04.00,156.12.00,104.07.00,100.24.00,113.30.00,84.07.00,96.15.00,79.14.00,40.00.00,46.19.00,33.17.00,88.25.00,123.29.00,129.35.00,73.44.00,23.36,58.28.00,74.42.00,70.08.00,50.54.00,37.15.00,43.31.00,46.38.00,39.52.00,33.41.00,22.06,5.58,2.08,2.52,2.18,1.19,0.37,0.51,4.18,1.42,0.37,0.37,R
4.34,4.02,10.21,9.20,18.49,16.13,30.23.00,29.05.00,24.00.00,30.08.00,39.26.00,15.06,29.09.00,66.52.00,86.27.00,121.52.00,151.02.00,154.20.00,123.54.00,74.23.00,85.03.00,115.52.00,129.15.00,139.24.00,121.23.00,106.39.00,95.59.00,69.06.00,58.15.00,73.57.00,44.25.00,33.44.00,32.22.00,12.45,62.05.00,97.23.00,80.27.00,39.07.00,16.39,54.04.00,66.30.00,49.35.00,28.04.00,29.21.00,28.03.00,12.09,19.50,21.37,12.28,1.07,4.15,1.53,1.48,1.25,0.47,1.14,1.44,2.41,3.40,2.53,R
3.55,4.51,12.29,8.39,3.47,13.54,11.17,33.22.00,47.56.00,61.14.00,49.34.00,13.57,31.52.00,84.00.00,105.52.00,113.24.00,125.05.00,109.55.00,75.09.00,49.24.00,66.59.00,113.14.00,138.17.00,1.00,137.20.00,118.35.00,128.46.00,102.04.00,82.16.00,94.08.00,81.46.00,30.20.00,30.11.00,18.27,76.43.00,110.50.00,107.03.00,36.06.00,32.31.00,82.27.00,82.05.00,67.21.00,40.02.00,23.12,29.39.00,32.26.00,28.43.00,25.22.00,15.29,2.59,4.02,1.23,0.37,1.35,1.45,0.30,2.12,1.08,1.48,1.30,R
2.06,8.39,10.21,8.38,17.52,43.07.00,38.24.00,34.27.00,56.56.00,71.24.00,50.15.00,20.07,54.59.00,95.07.00,116.02.00,162.31.00,1.00,154.53.00,103.30.00,76.26.00,83.21.00,83.52.00,118.02.00,140.20.00,135.09.00,128.10.00,135.05.00,103.23.00,39.16.00,43.15.00,104.59.00,112.42.00,48.23.00,73.13.00,142.09.00,119.40.00,80.01.00,97.36.00,83.13.00,47.46.00,10.01,19.27,45.37.00,46.52.00,34.38.00,11.00,8.11,5.45,2.52,4.47,0.27,3.28,0.48,3.19,2.06,0.22,0.37,0.34,1.54,1.17,R
4.13,13.28,8.27,4.04,28.44.00,63.43.00,62.09.00,59.43.00,57.09.00,36.37.00,44.13.00,53.43.00,93.02.00,115.16.00,132.23.00,119.12.00,58.32.00,33.28.00,44.36.00,71.39.00,88.00.00,58.09.00,23.50,90.53.00,105.38.00,128.32.00,113.58.00,133.35.00,134.33.00,138.30.00,129.52.00,84.09.00,23.33,46.07.00,84.44.00,79.47.00,22.36,38.19.00,46.29.00,63.53.00,48.53.00,19.15,28.25.00,21.34,15.09,13.20,9.27,3.18,1.54,2.31,1.25,2.58,1.13,1.19,0.38,1.56,0.33,0.39,1.21,0.53,R
4.20,3.12,4.14,1.01,5.52,11.41,21.03,18.00,25.23.00,27.10.00,17.10,36.27.00,25.42.00,43.50.00,49.00.00,49.38.00,11.39,23.21,49.50.00,65.15.00,59.58.00,40.03.00,70.08.00,94.35.00,101.34.00,105.23.00,109.09.00,127.53.00,1.00,141.03.00,91.49.00,74.04.00,86.09.00,71.08.00,30.02.00,13.11,8.55,31.46.00,42.41.00,35.53.00,46.09.00,47.21.00,28.53.00,13.35,5.35,15.33,16.58,5.09,3.28,5.18,2.12,1.58,2.00,0.51,1.10,0.15,0.35,0.08,0.44,1.17,R
7.39,7.17,5.47,7.36,1.07,14.50,29.58.00,29.01.00,26.38.00,23.28,44.53.00,54.19.00,75.45.00,96.25.00,74.31.00,37.11.00,36.04.00,53.21.00,48.35.00,70.35.00,74.20.00,39.40.00,106.55.00,149.26.00,148.38.00,125.29.00,113.58.00,139.50.00,1.00,139.22.00,90.27.00,76.17.00,134.27.00,116.13.00,65.15.00,25.58.00,26.38.00,36.01.00,86.18.00,79.42.00,39.04.00,59.59.00,46.25.00,30.07.00,5.52,7.53,5.22,6.48,2.43,1.28,2.01,1.07,0.32,1.49,2.44,2.31,1.10,1.25,1.57,0.56,R
0.25,5.09,2.51,3.48,7.14,20.24,32.27.00,27.41.00,22.48,23.50,16.34,37.30.00,40.44.00,53.59.00,50.39.00,40.10.00,6.07,27.52.00,50.38.00,67.49.00,60.13.00,33.14.00,76.51.00,114.09.00,121.12.00,119.12.00,118.22.00,141.56.00,1.00,128.10.00,80.41.00,61.57.00,101.36.00,85.10.00,43.06.00,15.16,15.47,38.07.00,58.00.00,34.55.00,31.41.00,49.01.00,36.51.00,25.24.00,12.26,10.06,11.32,7.26,5.44,1.22,1.48,2.29,1.17,0.36,1.54,1.25,1.41,0.16,0.28,0.14,R
4.51,6.40,12.51,13.29,8.41,17.31,2.25,11.14,21.34,19.06,15.42,13.14,4.12,19.51,17.25,34.10.00,25.56.00,44.50.00,63.04.00,67.04.00,57.50.00,23.15,20.08,47.07.00,25.00.00,43.46.00,74.28.00,125.20.00,150.36.00,130.12.00,79.26.00,41.23.00,89.32.00,104.39.00,60.47.00,76.12.00,105.59.00,107.54.00,92.00.00,54.13.00,38.12.00,10.53,0.00,0.00,0.00,0.00,0.00,0.00,0.00,0.00,0.00,0.56,3.57,3.24,0.50,2.17,2.44,1.21,2.19,1.51,R
3.01,2.26,0.26,2.21,7.01,7.53,6.01,12.21,23.18,17.25,15.04,11.11,16.37,17.36,5.46,20.31,27.06.00,60.52.00,54.22.00,49.55.00,35.09.00,35.04.00,34.45.00,38.02.00,12.27,32.49.00,68.06.00,106.25.00,132.50.00,125.08.00,91.57.00,36.54.00,77.52.00,74.39.00,38.17.00,53.55.00,74.40.00,93.01.00,108.40.00,89.14.00,41.18.00,37.48.00,29.48.00,14.58,8.56,6.14,16.30,15.56,5.17,2.22,1.16,3.43,4.15,2.25,3.53,0.41,0.18,0.48,1.29,1.25,R
8.11,4.39,9.52,21.10,29.32.00,31.48.00,36.57.00,12.48,20.46,33.48.00,15.47,41.37.00,36.49.00,53.15.00,55.40.00,55.23.00,46.20.00,49.35.00,49.08.00,28.49.00,54.24.00,63.54.00,58.43.00,90.10.00,87.08.00,74.35.00,89.00.00,88.43.00,65.07.00,57.36.00,68.11.00,77.19.00,93.00.00,95.27.00,105.55.00,126.03.00,115.03.00,102.56.00,89.39.00,93.42.00,108.28.00,79.57.00,62.16.00,46.44.00,33.02.00,40.38.00,29.49.00,28.26.00,12.42,3.58,4.28,1.21,2.09,2.41,1.03,1.59,3.14,2.20,5.32,7.19,M
21.53,38.59.00,50.59.00,71.04.00,66.50.00,29.51.00,30.53.00,0.55,32.09.00,37.11.00,48.27.00,37.39.00,52.16.00,55.02.00,61.00.00,65.56.00,73.06.00,77.50.00,87.35.00,62.15.00,37.23.00,32.53.00,72.17.00,108.52.00,84.30.00,46.36.00,69.23.00,99.10.00,87.22.00,69.38.00,61.54.00,39.35.00,14.23,23.57,48.16.00,76.17.00,62.05.00,56.12.00,63.23.00,69.41.00,60.03.00,45.11.00,27.33.00,32.31.00,46.51.00,37.26.00,32.01.00,25.00.00,11.05,3.13,2.36,6.02,3.30,2.34,3.00,0.13,1.46,2.07,2.58,3.51,M
3.21,7.03,9.14,13.03,10.20,14.31,20.01,45.07.00,20.06,4.39,37.31.00,43.35.00,29.30.00,61.49.00,75.33.00,92.33.00,76.56.00,63.17.00,57.30.00,44.25.00,39.55.00,18.47,42.36.00,86.09.00,62.59.00,68.02.00,89.13.00,85.16.00,75.44.00,70.58.00,64.29.00,65.39.00,77.41.00,66.14.00,36.34.00,30.16.00,17.03,35.08.00,54.13.00,61.37.00,48.32.00,50.10.00,42.43.00,32.07.00,34.22.00,29.11.00,14.01,17.15,10.41,2.33,1.21,3.11,3.02,2.40,4.50,1.30,4.02,3.44,3.10,1.36,M
10.29,17.45,25.26.00,20.29,23.57,19.50,14.44,15.07,35.07.00,59.57.00,91.06.00,86.45.00,85.27.00,89.55.00,109.18.00,145.05.00,163.06.00,155.35.00,131.57.00,123.03.00,115.08.00,64.10.00,11.11,8.22,45.17.00,47.19.00,37.14.00,31.51.00,6.48,42.11.00,32.59.00,31.31.00,40.33.00,32.36.00,44.27.00,22.20,17.53,33.43.00,29.54.00,3.47,21.53,29.35.00,25.49.00,27.06.00,11.48,2.09,13.15,12.42,1.57,1.01,4.17,1.29,4.22,1.48,2.18,3.07,3.50,0.57,1.53,2.11,M
5.35,2.14,11.36,19.40,5.48,19.40,32.28.00,26.47.00,50.36.00,72.52.00,92.13.00,96.11.00,117.02.00,117.47.00,122.47.00,123.11.00,143.42.00,157.38.00,146.22.00,131.53.00,96.00.00,51.01.00,9.23,3.59,42.34.00,81.02.00,83.47.00,73.22.00,47.27.00,29.57.00,59.20.00,58.42.00,55.21.00,51.52.00,60.38.00,12.34,30.34.00,30.20.00,30.15.00,26.33.00,9.36,15.54,18.06,13.32,13.04,8.07,7.19,9.46,6.10,3.05,5.02,4.04,3.52,1.33,2.39,3.13,0.32,6.17,2.06,2.36,M
9.47,20.10,21.08,24.58.00,23.56,9.21,13.52,11.12,22.52,39.12.00,53.28.00,70.57.00,86.41.00,81.54.00,99.10.00,120.21.00,150.39.00,151.51.00,145.23.00,128.06.00,122.06.00,87.02.00,51.37.00,52.52.00,37.50.00,27.20.00,29.06.00,30.35.00,34.08.00,27.54.00,46.07.00,51.44.00,56.39.00,74.01.00,84.06.00,46.54.00,28.01.00,43.53.00,53.18.00,32.13.00,15.34,7.23,13.00,12.02,6.45,9.13,18.01,18.59,12.47,4.25,3.35,5.31,1.51,1.28,2.38,2.02,0.38,1.41,3.48,2.04,M
2.42,4.13,4.22,6.26,10.45,7.52,17.36,23.08,9.58,22.14,49.29.00,79.14.00,94.37.00,94.50.00,107.01.00,124.47.00,149.59.00,1.00,161.30.00,150.32.00,128.05.00,116.38.00,110.44.00,99.24.00,61.51.00,15.21,8.01,14.36,17.20,28.34.00,54.24.00,76.52.00,65.39.00,84.10.00,80.33.00,58.31.00,38.39.00,67.09.00,61.16.00,25.10.00,12.25,23.15,25.52.00,6.17,10.36,7.23,4.24,3.43,3.07,1.17,2.17,1.11,1.22,3.52,3.18,1.14,0.35,1.40,0.48,0.19,M
5.07,8.43,10.53,8.41,10.11,9.37,11.05,11.04,24.20.00,46.32.00,64.37.00,83.12.00,83.01.00,82.52.00,93.27.00,122.19.00,137.10.00,152.53.00,166.15.00,165.11.00,137.20.00,108.18.00,99.40.00,81.02.00,52.30.00,25.43.00,16.29,4.44,16.48,43.56.00,44.54.00,48.50.00,48.45.00,66.38.00,61.00.00,52.52.00,76.49.00,72.54.00,30.20.00,56.16.00,103.22.00,74.08.00,31.03.00,23.40,9.49,9.36,11.12,4.29,4.05,3.10,1.03,5.21,3.09,2.17,4.37,2.32,0.52,2.01,2.04,0.55,M
1.56,2.59,7.29,18.16,31.53.00,15.24,12.41,18.12,12.37,16.46,41.40.00,66.28.00,63.29.00,79.13.00,102.45.00,107.44.00,133.44.00,153.28.00,163.52.00,160.34.00,144.06.00,138.45.00,137.56.00,133.27.00,101.42.00,80.53.00,72.35.00,71.47.00,73.19.00,63.53.00,50.32.00,50.35.00,53.17.00,38.12.00,35.31.00,39.07.00,53.21.00,74.15.00,60.55.00,45.15.00,29.07.00,29.41.00,36.39.00,17.36,9.33,5.07,3.57,7.50,1.42,0.57,0.31,2.43,1.39,1.24,4.30,4.37,1.37,0.54,2.28,1.32,M
5.31,7.03,7.54,13.38,13.55,12.36,6.14,16.01,9.08,3.13,14.57,28.54.00,32.16.00,46.43.00,55.13.00,83.40.00,106.00.00,118.16.00,138.53.00,145.30.00,134.33.00,125.07.00,125.26.00,121.38.00,102.57.00,82.26.00,75.31.00,68.19.00,75.40.00,68.44.00,52.19.00,53.14.00,61.32.00,62.56.00,74.29.00,79.37.00,78.36.00,77.44.00,64.53.00,70.55.00,67.44.00,61.52.00,64.23.00,46.42.00,21.23,18.37,21.43,13.07,7.16,3.44,2.13,1.18,2.54,2.56,0.38,2.09,1.06,0.44,2.14,1.32,M
7.08,9.15,11.48,10.18,20.15,25.24.00,25.43.00,6.31,10.10,1.53,20.55,41.13.00,50.11.00,62.27.00,75.20.00,89.52.00,109.48.00,118.33.00,126.42.00,144.32.00,140.16.00,132.54.00,139.45.00,155.17.00,142.35.00,102.42.00,68.59.00,54.29.00,51.48.00,42.34.00,56.07.00,74.25.00,83.20.00,85.11.00,86.34.00,76.59.00,70.34.00,72.52.00,71.17.00,73.53.00,61.40.00,55.24.00,42.44.00,42.07.00,35.37.00,29.49.00,16.50,8.48,7.33,1.58,0.09,2.22,2.59,1.19,1.00,2.11,1.29,1.24,1.53,0.49,M
9.59,7.54,8.18,6.27,17.06,12.53,14.13,7.27,18.14,5.51,26.22.00,33.43.00,37.48.00,47.09.00,63.39.00,77.45.00,111.27.00,144.07.00,156.01.00,156.07.00,152.24.00,152.42.00,155.11.00,143.24.00,122.07.00,96.03.00,69.22.00,68.33.00,69.06.00,52.29.00,48.56.00,52.49.00,52.29.00,68.52.00,66.34.00,69.55.00,75.32.00,73.39.00,78.57.00,57.11.00,53.14.00,56.10.00,41.33.00,44.10.00,29.08.00,15.32,8.50,1.21,5.42,2.17,0.28,0.13,0.05,3.47,3.29,1.21,1.57,1.54,1.52,1.40,M
4.24,1.11,5.42,13.13,17.23,13.03,23.37,19.36,7.33,15.45,18.52,14.00,11.57,32.48.00,43.53.00,69.51.00,84.10.00,111.51.00,132.02.00,139.41.00,145.59.00,157.02.00,1.00,165.31.00,159.35.00,144.07.00,120.15.00,96.41.00,82.44.00,81.26.00,67.59.00,40.43.00,29.28.00,41.12.00,58.38.00,62.42.00,48.29.00,38.31.00,52.48.00,59.14.00,62.21.00,74.03.00,54.21.00,32.43.00,14.24,28.08.00,33.11.00,20.17,10.28,5.23,4.13,3.34,4.22,2.57,0.37,1.08,2.01,1.17,1.18,1.06,M
3.30,2.01,3.23,17.16,27.55.00,6.58,12.03,13.48,8.14,11.26,18.45,29.01.00,45.10.00,51.27.00,59.35.00,83.18.00,100.11.00,107.50.00,134.27.00,150.08.00,148.26.00,155.38.00,1.00,151.42.00,141.36.00,131.07.00,128.08.00,128.38.00,104.28.00,71.41.00,34.37.00,19.58,27.40.00,43.38.00,64.22.00,65.58.00,54.08.00,38.22.00,54.10.00,67.02.00,72.24.00,66.48.00,56.10.00,41.58.00,35.01.00,19.41,19.10,9.10,4.53,3.03,1.44,1.57,1.41,1.01,0.31,1.39,1.20,1.47,2.41,2.13,M
8.50,14.45,33.17.00,43.24.00,53.45.00,37.27.00,10.17,38.07.00,15.50,12.20,26.50.00,37.06.00,45.03.00,56.05.00,71.06.00,69.04.00,94.15.00,115.21.00,142.27.00,153.54.00,152.51.00,1.00,158.52.00,151.41.00,138.57.00,117.33.00,108.54.00,74.43.00,41.00.00,33.40.00,24.06.00,16.34,25.10.00,39.52.00,73.54.00,83.43.00,74.01.00,76.11.00,65.27.00,48.20.00,56.48.00,83.10.00,60.32.00,23.07,30.00.00,21.39,8.43,13.37,7.49,1.54,4.59,4.04,3.19,4.17,1.22,2.31,2.51,2.26,2.14,0.56,M
7.34,7.52,11.37,17.01,23.17,24.53.00,24.47.00,12.51,19.31,27.55.00,46.39.00,55.23.00,66.52.00,71.36.00,89.10.00,90.11.00,114.30.00,134.05.00,153.14.00,152.49.00,1.00,166.12.00,151.33.00,131.58.00,111.45.00,88.44.00,59.32.00,41.24.00,52.41.00,62.55.00,52.18.00,28.33.00,48.57.00,87.14.00,98.46.00,90.37.00,75.16.00,56.19.00,53.35.00,36.18.00,27.54.00,43.54.00,49.40.00,33.57.00,19.15,15.19,14.42,3.48,6.20,2.22,2.17,2.00,0.42,3.58,2.09,1.24,3.38,5.21,2.34,0.53,M
4.43,9.59,10.56,3.49,13.59,27.53.00,19.14,18.18,22.50,29.27.00,33.15.00,47.49.00,54.35.00,62.49.00,69.29.00,83.56.00,103.00.00,133.45.00,155.33.00,156.39.00,154.35.00,157.30.00,138.48.00,129.33.00,116.47.00,102.34.00,96.50.00,74.14.00,61.47.00,48.11.00,36.25.00,28.31.00,59.38.00,65.47.00,47.47.00,40.01.00,60.19.00,55.14.00,62.43.00,79.27.00,67.39.00,61.01.00,38.40.00,24.10.00,16.57,18.31,10.55,4.31,4.04,2.59,1.49,2.27,2.50,2.38,0.46,1.13,0.54,0.33,0.45,1.19,M
1.54,3.42,4.29,6.24,20.17,34.22.00,24.49.00,15.29,22.30,29.59.00,41.26.00,49.33.00,61.12.00,73.14.00,87.38.00,112.35.00,123.22.00,138.04.00,150.33.00,159.44.00,1.00,166.22.00,148.19.00,124.53.00,106.07.00,112.24.00,120.07.00,113.41.00,91.52.00,79.49.00,65.24.00,42.13.00,18.09,23.10,42.31.00,55.01.00,46.58.00,35.42.00,37.46.00,35.42.00,39.14.00,47.51.00,43.16.00,32.05.00,20.56,16.43,15.51,20.10,12.08,2.54,3.33,4.29,2.32,4.17,1.37,0.41,0.50,2.25,1.43,0.25,M
6.54,7.16,7.27,14.04,6.59,20.15,33.22.00,25.16.00,13.38,32.55.00,38.29.00,50.25.00,65.38.00,84.10.00,97.52.00,110.10.00,123.37.00,133.26.00,140.56.00,132.19.00,146.44.00,139.44.00,130.52.00,141.19.00,123.54.00,107.13.00,91.54.00,58.39.00,52.48.00,55.46.00,34.16.00,17.12,52.48.00,67.20.00,71.22.00,75.38.00,61.44.00,62.21.00,63.59.00,58.14.00,73.00.00,71.05.00,47.34.00,46.48.00,39.55.00,6.09,13.25,9.01,2.57,1.05,3.42,0.45,2.16,1.53,0.53,2.45,2.21,1.17,4.06,3.18,M
1.34,5.33,5.06,6.16,21.36,29.55.00,31.49.00,28.12.00,31.10.00,28.45.00,37.08.00,51.46.00,69.04.00,85.57.00,89.29.00,85.07.00,107.21.00,122.06.00,136.04.00,147.36.00,164.51.00,1.00,145.50.00,143.51.00,151.14.00,144.34.00,129.10.00,110.00.00,93.35.00,66.56.00,38.51.00,19.24,18.15,7.11,10.19,32.36.00,35.20.00,54.02.00,68.22.00,48.59.00,31.51.00,28.22.00,16.50,25.12.00,23.47,18.17,19.33,16.12,11.43,4.41,3.36,2.33,1.52,4.01,2.44,0.55,1.18,0.55,1.31,1.07,M
3.48,1.46,2.10,14.02,18.37,25.06.00,29.36.00,16.37,23.48,37.07.00,43.41.00,51.49.00,47.39.00,55.16.00,62.35.00,74.59.00,79.25.00,104.14.00,121.44.00,145.02.00,155.49.00,160.14.00,152.06.00,157.23.00,1.00,157.35.00,146.55.00,125.20.00,117.48.00,99.46.00,64.17.00,41.50.00,36.02.00,16.08,22.03,22.24,37.30.00,54.04.00,65.39.00,63.26.00,54.18.00,60.54.00,49.43.00,29.39.00,25.35.00,19.59,15.59,12.45,10.49,5.13,3.05,1.38,2.58,1.17,1.14,1.35,0.55,0.45,1.03,0.39,M
6.03,7.58,4.58,3.30,23.29,31.56.00,22.29,26.53.00,28.23.00,24.04.00,33.09.00,35.54.00,47.43.00,59.30.00,66.20.00,72.39.00,88.54.00,105.04.00,116.35.00,123.55.00,139.39.00,144.01.00,150.14.00,157.12.00,158.56.00,1.00,159.07.00,162.25.00,149.22.00,119.56.00,91.02.00,52.36.00,42.05.00,32.49.00,36.29.00,25.33.00,11.51,24.58.00,29.15.00,37.56.00,22.02,17.36,32.53.00,28.12.00,31.21.00,19.37,12.59,8.15,8.12,3.14,4.10,1.55,3.10,0.55,1.36,0.50,1.06,1.54,1.13,0.33,M
4.21,4.26,3.43,12.29,22.44,25.13.00,21.56,27.34.00,31.04.00,33.33.00,48.10.00,60.50.00,58.30.00,58.15.00,72.05.00,89.58.00,103.57.00,114.36.00,122.09.00,135.07.00,139.56.00,143.52.00,145.47.00,160.07.00,161.56.00,152.01.00,142.56.00,146.38.00,128.40.00,95.11.00,71.04.00,47.40.00,51.54.00,34.26.00,19.25,3.05,21.42,41.20.00,27.17.00,18.23,35.44.00,33.53.00,31.27.00,22.50,22.56,5.07,6.13,10.06,6.39,2.49,2.15,3.42,2.55,2.07,0.22,2.04,0.54,0.21,0.28,0.23,M
5.46,8.29,1.19,4.03,7.12,12.15,15.38,18.54,20.28,25.08.00,30.09.00,39.50.00,49.07.00,47.46.00,66.50.00,88.45.00,91.26.00,97.03.00,100.41.00,112.29.00,118.04.00,131.30.00,154.44.00,163.01.00,162.18.00,1.00,161.42.00,165.56.00,137.15.00,100.20.00,89.02.00,81.07.00,58.46.00,26.06.00,15.46,26.53.00,47.04.00,56.30.00,50.19.00,49.05.00,49.38.00,44.36.00,34.15.00,34.29.00,27.05.00,20.16,16.53,12.24,6.26,0.50,2.26,0.40,2.02,1.47,1.52,1.42,0.52,0.24,1.19,0.31,M
2.42,0.41,3.59,7.21,10.30,15.21,22.48,17.58,25.52.00,29.39.00,36.04.00,42.48.00,51.29.00,63.49.00,73.13.00,88.55.00,99.56.00,112.08.00,121.49.00,134.52.00,149.01.00,161.08.00,1.00,164.53.00,156.16.00,149.51.00,153.04.00,152.08.00,130.11.00,100.18.00,62.45.00,55.00.00,38.00.00,3.32,18.37,29.48.00,39.33.00,47.23.00,37.21.00,45.15.00,56.03.00,42.26.00,31.07.00,36.00.00,21.18,12.48,17.50,15.46,10.36,3.47,2.08,2.53,2.15,1.54,1.02,2.37,1.28,0.36,0.53,0.30,M
4.09,1.59,4.37,12.40,20.18,25.38.00,19.52,20.29,35.19.00,42.11.00,47.35.00,49.21.00,55.41.00,71.27.00,86.45.00,101.27.00,120.36.00,126.17.00,128.46.00,134.58.00,149.55.00,154.07.00,156.05.00,164.13.00,162.56.00,1.00,164.56.00,151.16.00,121.46.00,95.58.00,74.29.00,61.59.00,34.39.00,15.55,8.08,23.26,42.34.00,34.14.00,26.54.00,37.12.00,29.33.00,38.13.00,42.01.00,24.24.00,11.13,16.05,24.52.00,18.48,7.43,3.13,2.20,0.27,1.08,2.30,0.12,2.13,0.48,4.04,1.17,1.14,M
4.30,2.43,5.41,4.07,13.42,20.56,22.03,26.24.00,33.37.00,35.22.00,36.50.00,39.59.00,49.24.00,67.41.00,84.55.00,91.52.00,110.13.00,113.24.00,108.40.00,113.08.00,130.11.00,139.29.00,149.29.00,164.16.00,1.00,156.35.00,148.37.00,135.05.00,113.48.00,92.52.00,71.41.00,55.39.00,33.55.00,13.18,13.29,25.25.00,43.46.00,40.56.00,33.00.00,40.12.00,40.09.00,31.41.00,34.37.00,29.27.00,18.39,12.59,22.24,16.00,9.58,5.30,3.17,3.09,3.24,1.25,0.43,1.32,2.18,1.34,1.45,1.33,M
6.28,5.24,11.28,14.58,21.07,25.15.00,35.34.00,43.33.00,47.12.00,45.18.00,60.45.00,65.34.00,64.03.00,77.57.00,89.24.00,80.23.00,80.35.00,97.42.00,126.19.00,116.37.00,115.18.00,143.53.00,151.47.00,155.46.00,131.24.00,143.05.00,154.21.00,118.00.00,96.19.00,86.55.00,75.05.00,52.09.00,24.08.00,17.26,30.20.00,25.19.00,16.57,23.58,33.06.00,33.59.00,46.18.00,47.59.00,22.11,19.00,21.50,23.53,10.24,1.40,1.38,2.11,2.32,4.15,1.11,4.23,1.19,1.51,1.47,1.08,1.37,1.07,M
3.48,14.13,16.40,7.08,18.37,27.31.00,26.37.00,35.16.00,54.55.00,58.37.00,55.30.00,60.43.00,67.00.00,78.51.00,86.36.00,109.33.00,140.26.00,141.16.00,139.04.00,140.53.00,133.19.00,142.17.00,160.42.00,1.00,155.57.00,156.49.00,151.10.00,118.24.00,105.20.00,94.27.00,58.21.00,40.47.00,28.18.00,54.50.00,61.14.00,38.51.00,40.13.00,42.36.00,31.32.00,32.20.00,51.14.00,46.25.00,5.08,20.38,30.54.00,29.13.00,17.59,12.08,4.02,3.11,2.39,2.52,3.11,4.20,2.20,2.05,1.56,1.33,0.12,0.36,M
11.55,14.09,9.47,3.38,14.22,30.01.00,31.56.00,31.36.00,49.20.00,69.46.00,81.07.00,87.29.00,99.19.00,114.15.00,142.53.00,161.58.00,144.53.00,145.11.00,149.14.00,165.22.00,149.40.00,135.58.00,139.33.00,125.41.00,98.13.00,91.28.00,94.03.00,90.06.00,79.43.00,73.59.00,61.38.00,42.54.00,24.38.00,29.03.00,20.29,26.28.00,30.03.00,23.56,27.47.00,43.50.00,37.14.00,20.39,14.29,34.52.00,24.59.00,11.16,14.59,15.27,10.58,1.26,3.36,2.33,2.01,1.36,3.16,0.42,1.06,1.39,1.23,2.04,M
3.29,4.21,2.00,12.48,17.44,28.00.00,50.16.00,57.40.00,55.14.00,68.45.00,65.43.00,22.14,77.02.00,166.10.00,152.17.00,138.12.00,116.34.00,130.25.00,146.29.00,141.41.00,148.40.00,157.53.00,1.00,149.35.00,130.06.00,138.41.00,108.22.00,75.48.00,78.52.00,56.31.00,45.47.00,16.18,7.57,23.23,30.34.00,35.48.00,21.11,31.52.00,56.31.00,57.24.00,39.29.00,19.55,44.25.00,43.07.00,23.13,18.03,23.03,22.01,17.49,5.25,5.16,0.57,2.39,1.25,6.12,1.41,2.07,4.48,2.09,0.23,M
6.14,9.46,10.28,8.54,4.15,23.42,34.32.00,45.34.00,51.10.00,43.17.00,58.03.00,66.39.00,76.14.00,99.10.00,132.04.00,137.52.00,134.47.00,149.37.00,163.48.00,149.42.00,148.10.00,156.07.00,152.02.00,132.16.00,111.58.00,105.18.00,81.05.00,56.28.00,80.32.00,63.42.00,51.15.00,21.07,12.23,25.10.00,31.46.00,30.17.00,28.29.00,15.46,47.09.00,50.06.00,26.42.00,24.43.00,47.55.00,34.07.00,17.44,23.15,17.45,8.47,6.35,3.03,5.53,1.58,1.03,3.57,0.32,1.27,2.04,1.53,1.38,2.06,M
22.51,20.26,23.05,24.44.00,29.36.00,23.48,29.33.00,36.01.00,27.10.00,34.27.00,70.57.00,91.24.00,118.51.00,116.43.00,112.57.00,132.19.00,156.22.00,148.45.00,152.26.00,130.32.00,132.40.00,133.03.00,128.36.00,110.15.00,81.00.00,92.52.00,78.17.00,94.00.00,75.17.00,56.09.00,44.44.00,38.59.00,50.52.00,50.16.00,45.53.00,17.21,29.17.00,52.36.00,60.03.00,45.36.00,21.41,40.58.00,56.44.00,29.13.00,11.19,17.42,10.43,8.52,8.51,4.32,2.51,1.58,2.09,5.44,1.05,1.07,0.22,1.19,2.26,0.51,M
7.23,7.26,3.55,16.48,37.32.00,43.31.00,34.21.00,27.48.00,30.01.00,51.23.00,63.14.00,89.24.00,102.53.00,130.42.00,139.52.00,150.16.00,1.00,148.31.00,145.53.00,131.26.00,119.16.00,126.21.00,106.12.00,53.30.00,34.36.00,37.59.00,55.09.00,47.27.00,32.29.00,27.51.00,17.05,22.42,36.52.00,18.44,27.57.00,17.19,42.42.00,43.44.00,37.16.00,19.40,18.23,47.11.00,39.45.00,4.15,32.47.00,24.43.00,7.14,10.27,8.33,7.53,4.08,4.34,3.25,2.21,3.05,0.55,0.45,1.55,2.32,1.40,M
19.10,19.23,14.26,5.58,3.52,21.07,40.17.00,44.21.00,72.26.00,89.38.00,63.36.00,16.31,10.16,29.55.00,65.07.00,60.02.00,50.41.00,40.28.00,67.40.00,139.55.00,162.57.00,78.00.00,10.10,35.43.00,22.28,47.34.00,26.57.00,44.09.00,76.05.00,108.22.00,47.28.00,54.56.00,89.30.00,110.27.00,143.46.00,142.27.00,130.48.00,150.16.00,147.07.00,101.26.00,46.50.00,15.06,19.37,44.54.00,86.54.00,70.32.00,39.00.00,32.08.00,18.12,8.27,3.48,1.39,1.05,1.25,2.46,1.50,3.10,2.21,1.08,1.26,M
16.08,13.41,10.29,10.08,10.17,20.07,15.44,70.23.00,95.44.00,83.45.00,58.08.00,28.20.00,34.36.00,51.27.00,70.24.00,88.32.00,40.36.00,31.24.00,31.48.00,138.41.00,1.00,67.56.00,16.00,32.08.00,40.19.00,63.10.00,48.13.00,57.31.00,62.57.00,86.53.00,38.36.00,55.35.00,79.41.00,101.56.00,111.45.00,122.55.00,122.36.00,129.52.00,113.08.00,87.39.00,46.02.00,25.45.00,33.39.00,37.11.00,70.21.00,51.07.00,22.09,22.29,17.37,8.19,3.26,1.13,1.21,5.03,3.10,3.32,2.06,3.21,3.30,0.41,M
13.10,11.47,5.52,27.40.00,22.10,3.46,12.51,44.38.00,94.24.00,110.09.00,83.22.00,43.03.00,27.30.00,72.27.00,75.15.00,76.19.00,56.06.00,66.40.00,88.45.00,150.10.00,165.39.00,61.29.00,16.52,4.08,38.38.00,66.21.00,37.39.00,87.27.00,114.58.00,138.36.00,72.06.00,62.21.00,95.56.00,134.03.00,132.43.00,119.34.00,117.36.00,135.48.00,126.41.00,100.34.00,75.54.00,78.49.00,74.38.00,62.02.00,78.13.00,63.59.00,12.48,24.27.00,12.57,7.49,3.13,4.58,6.30,4.54,2.55,4.09,2.21,1.13,0.25,1.41,M
18.03,17.50,4.17,13.57,12.28,18.45,55.22.00,76.30.00,92.06.00,99.26.00,88.24.00,37.31.00,40.02.00,44.49.00,110.46.00,110.32.00,27.54.00,13.57,72.11.00,145.18.00,133.12.00,61.52.00,28.23.00,26.51.00,34.46.00,47.27.00,36.51.00,102.14.00,96.47.00,115.25.00,63.45.00,71.43.00,129.51.00,145.03.00,1.00,153.32.00,156.26.00,155.03.00,121.54.00,79.51.00,34.47.00,33.36.00,27.49.00,47.52.00,72.54.00,51.37.00,26.18.00,9.13,5.34,3.29,2.52,3.00,1.50,3.54,4.36,0.32,1.24,2.02,1.22,2.23,M
1.34,10.11,18.56,20.03,6.43,20.27,41.35.00,76.06.00,109.47.00,84.39.00,55.50.00,13.54,50.04.00,65.57.00,62.49.00,63.48.00,20.47,22.43,44.38.00,153.08.00,162.59.00,53.56.00,32.24.00,31.14.00,14.45,57.23.00,49.13.00,98.28.00,76.04.00,122.14.00,32.49.00,46.30.00,103.32.00,144.41.00,143.41.00,156.20.00,138.47.00,158.00.00,112.01.00,73.56.00,86.03.00,63.29.00,25.57.00,24.09.00,44.22.00,30.06.00,28.19.00,42.39.00,18.49,3.21,8.00,3.54,2.55,5.52,2.38,5.26,3.21,2.48,4.05,2.34,M
18.08,21.18,15.26,20.34,21.16,28.51.00,32.28.00,71.02.00,113.48.00,96.01.00,78.53.00,39.22.00,17.03,48.24.00,78.33.00,77.39.00,23.35,14.09,54.17.00,150.07.00,155.12.00,80.56.00,22.26,26.44.00,45.37.00,93.29.00,60.54.00,102.19.00,91.10.00,141.14.00,93.58.00,90.43.00,84.46.00,104.13.00,141.37.00,140.06.00,140.20.00,152.16.00,128.33.00,81.22.00,62.04.00,74.29.00,76.26.00,74.51.00,93.36.00,71.45.00,15.45,13.14,4.34,2.34,2.20,7.35,3.33,1.22,2.04,2.47,1.43,3.25,2.58,3.07,M
7.10,15.02,13.53,13.33,2.45,4.37,9.29,34.17.00,64.47.00,118.26.00,122.22.00,83.53.00,50.00.00,32.31.00,46.07.00,62.17.00,41.47.00,41.47.00,54.52.00,81.11.00,108.47.00,140.54.00,162.19.00,1.00,111.05.00,88.43.00,67.04.00,57.24.00,70.39.00,69.42.00,73.13.00,19.22,72.16.00,109.13.00,102.52.00,72.53.00,68.38.00,60.41.00,76.12.00,72.47.00,49.24.00,71.52.00,69.15.00,30.24.00,24.47.00,2.18,19.24,34.12.00,17.49,3.19,3.28,2.56,3.17,3.30,2.21,0.49,0.27,2.42,0.59,0.21,M
12.11,20.49,27.45.00,24.56.00,24.03.00,46.10.00,42.35.00,28.32.00,7.46,18.34,28.59.00,52.40.00,54.09.00,36.04.00,33.51.00,43.00.00,29.56.00,40.22.00,60.09.00,30.10.00,43.24.00,109.32.00,162.14.00,162.37.00,134.39.00,108.41.00,81.55.00,89.23.00,127.29.00,87.30.00,85.01.00,70.19.00,69.20.00,31.46.00,3.43,70.19.00,91.36.00,41.23.00,33.54.00,45.29.00,47.17.00,74.23.00,52.58.00,13.27,19.52,35.34.00,54.01.00,49.05.00,24.34.00,3.31,6.01,7.24,3.50,4.50,2.21,2.41,2.57,3.14,3.27,0.57,M
2.44,10.27,12.18,10.08,3.53,17.28,22.18,10.44,25.22.00,13.00,29.51.00,44.41.00,29.48.00,17.19,33.00.00,53.54.00,62.28.00,43.06.00,61.20.00,58.28.00,93.26.00,87.11.00,91.09.00,115.54.00,105.52.00,112.37.00,141.39.00,133.45.00,109.23.00,143.11.00,110.55.00,89.29.00,51.58.00,62.43.00,46.41.00,14.35,55.19.00,70.37.00,30.01.00,62.23.00,77.07.00,26.54.00,41.34.00,53.22.00,37.45.00,19.06,7.56,15.43,13.44,2.51,4.04,4.18,2.23,3.46,3.07,3.05,1.50,1.34,1.18,1.52,M
6.52,18.55,8.38,3.52,10.46,18.44,29.47.00,40.07.00,44.42.00,34.18.00,25.46.00,44.31.00,52.21.00,48.24.00,58.51.00,84.39.00,77.19.00,30.59.00,74.34.00,67.59.00,90.00.00,79.46.00,72.12.00,101.53.00,84.51.00,76.46.00,120.43.00,149.47.00,147.06.00,153.21.00,133.25.00,100.33.00,35.20.00,47.46.00,67.13.00,46.43.00,51.27.00,59.10.00,42.25.00,23.52,97.49.00,107.11.00,97.06.00,71.26.00,81.34.00,96.17.00,71.55.00,44.00.00,29.54.00,12.52,13.18,6.16,2.23,4.32,2.07,2.46,1.35,3.45,1.38,1.25,M
11.47,20.52,24.07.00,27.24.00,28.13.00,14.04,11.55,15.47,26.23.00,20.47,39.00.00,29.24.00,38.04.00,51.55.00,78.45.00,92.23.00,89.46.00,62.26.00,76.23.00,99.21.00,124.24.00,127.24.00,95.11.00,104.17.00,111.35.00,118.51.00,126.07.00,134.37.00,141.17.00,154.49.00,158.33.00,133.15.00,72.42.00,67.28.00,82.32.00,28.32.00,60.52.00,62.43.00,47.21.00,7.07,88.51.00,115.52.00,71.28.00,51.03.00,97.15.00,94.52.00,43.50.00,19.56,16.23,6.14,4.51,2.36,3.17,2.15,2.07,2.18,2.13,2.11,2.34,3.38,M
8.46,9.23,20.19,20.06,4.06,17.02,8.59,7.19,38.11.00,27.12.00,42.24.00,46.47.00,50.11.00,56.01.00,50.24.00,38.05.00,48.30.00,21.56,19.11,56.44.00,92.42.00,106.19.00,109.13.00,123.04.00,108.54.00,90.23.00,114.37.00,122.05.00,128.46.00,137.09.00,146.27.00,151.48.00,111.45.00,101.32.00,125.05.00,79.35.00,27.46.00,62.29.00,62.56.00,35.06.00,98.06.00,93.48.00,42.57.00,87.25.00,102.29.00,85.23.00,56.25.00,24.59.00,9.06,4.30,6.20,5.39,2.29,5.35,6.16,2.54,2.12,1.43,6.04,3.28,M
8.36,15.44,10.22,6.55,16.35,40.31.00,29.37.00,33.38.00,43.31.00,21.34,44.06.00,46.18.00,73.52.00,61.12.00,33.55.00,46.04.00,54.12.00,25.36.00,46.24.00,58.28.00,86.27.00,117.32.00,119.03.00,113.34.00,85.00.00,88.28.00,102.11.00,139.48.00,150.31.00,143.27.00,160.56.00,152.48.00,118.52.00,114.58.00,121.50.00,68.54.00,26.20.00,30.19.00,23.01,49.20.00,115.35.00,137.26.00,89.11.00,73.23.00,107.28.00,103.34.00,50.16.00,22.59,6.04,5.55,7.36,7.12,4.34,2.32,2.00,2.09,0.20,1.49,1.14,1.18,M
4.59,11.28,16.32,17.01,13.20,10.29,2.10,13.33,29.21.00,16.38,8.43,15.04,44.15.00,51.39.00,58.40.00,64.52.00,66.02.00,40.49.00,39.15.00,50.45.00,51.52.00,78.18.00,92.14.00,75.32.00,74.24.00,77.50.00,77.01.00,116.28.00,127.06.00,117.05.00,123.02.00,124.06.00,132.07.00,87.07.00,66.07.00,50.42.00,21.49,40.08.00,29.40.00,26.38.00,94.17.00,107.23.00,70.41.00,76.07.00,96.00.00,88.13.00,54.47.00,21.23,11.38,5.34,5.42,7.39,4.37,2.52,1.27,0.46,3.23,2.10,1.55,0.15,M
12.01,26.14.00,18.32,18.05,11.06,30.00.00,18.28,46.34.00,23.28,13.15,42.14.00,65.20.00,56.15.00,26.50.00,31.29.00,55.08.00,38.02.00,36.17.00,30.53.00,86.07.00,89.02.00,104.58.00,140.37.00,112.36.00,97.05.00,102.21.00,146.49.00,139.35.00,64.29.00,84.11.00,90.55.00,70.41.00,25.34.00,82.30.00,116.23.00,118.29.00,94.07.00,81.10.00,91.55.00,73.53.00,87.30.00,101.15.00,87.31.00,22.39,71.08.00,74.02.00,36.33.00,15.00,20.00,10.28,3.54,5.09,2.07,1.22,4.41,1.57,1.32,2.27,2.37,2.09,M
17.01,13.50,9.37,10.27,10.35,22.08,16.28,29.47.00,19.59,22.49,41.49.00,43.51.00,46.36.00,49.37.00,63.43.00,52.09.00,65.56.00,34.53.00,53.38.00,55.45.00,53.04.00,48.07.00,60.10.00,42.46.00,68.26.00,76.31.00,78.42.00,121.18.00,126.31.00,109.39.00,125.14.00,111.06.00,81.43.00,99.22.00,109.12.00,66.54.00,19.48,54.05.00,51.47.00,22.34,85.09.00,133.08.00,125.17.00,91.48.00,97.38.00,121.32.00,92.02.00,55.39.00,26.48.00,7.55,16.44,11.49,5.17,5.09,4.12,1.27,2.57,3.34,3.47,1.46,M
10.54,10.49,12.17,18.52,41.22.00,20.57,29.57.00,16.29,41.00.00,57.02.00,35.28.00,22.57,67.12.00,94.44.00,39.58.00,72.11.00,99.14.00,96.12.00,136.16.00,147.15.00,87.28.00,106.13.00,139.35.00,111.39.00,129.16.00,145.50.00,138.20.00,114.56.00,56.12.00,106.45.00,118.58.00,136.42.00,110.57.00,87.34.00,49.20.00,11.44,16.10,65.41.00,100.28.00,58.41.00,65.24.00,80.08.00,76.42.00,69.24.00,90.38.00,94.09.00,53.15.00,41.24.00,21.39,13.45,4.03,3.30,6.01,3.59,7.27,6.34,5.55,7.20,4.03,1.38,M
11.52,15.01,21.16,24.57.00,21.24,19.25,21.25,28.04.00,30.30.00,35.27.00,48.11.00,66.25.00,76.16.00,97.01.00,83.47.00,32.10.00,42.59.00,52.57.00,45.45.00,103.06.00,149.18.00,124.02.00,86.28.00,46.51.00,29.33.00,110.07.00,126.16.00,85.22.00,78.21.00,91.19.00,72.27.00,21.16,14.06,15.27,5.13,16.38,29.41.00,26.26.00,50.01.00,36.48.00,24.15.00,48.15.00,53.23.00,23.34,10.29,12.14,13.25,10.08,9.25,4.46,2.34,2.34,2.36,0.54,0.30,0.48,1.27,1.41,1.35,1.08,M
3.27,8.55,5.34,13.38,12.20,5.24,15.18,17.50,25.53.00,20.34,29.56.00,29.47.00,20.47,42.57.00,56.10.00,66.30.00,27.27.00,37.46.00,53.39.00,89.16.00,135.59.00,1.00,145.01.00,114.49.00,104.59.00,95.38.00,95.07.00,99.36.00,71.41.00,34.18.00,16.40,37.27.00,38.28.00,66.17.00,55.17.00,28.46.00,23.49,36.08.00,32.47.00,35.40.00,61.14.00,33.43.00,12.58,15.25,39.48.00,56.40.00,43.14.00,18.22,15.11,7.42,2.51,0.33,0.50,3.10,1.43,2.01,0.42,1.30,1.10,1.39,M
3.29,4.38,1.55,7.25,7.07,12.46,24.18.00,23.50,31.34.00,30.53.00,29.08.00,25.56.00,24.36.00,22.58,43.04.00,63.47.00,79.44.00,89.20.00,103.12.00,131.52.00,154.24.00,1.00,151.20.00,123.55.00,92.37.00,52.52.00,21.35,9.58,45.22.00,60.16.00,54.53.00,80.55.00,65.36.00,30.45.00,5.42,41.29.00,63.57.00,58.34.00,44.14.00,29.20.00,26.39.00,14.26,9.50,13.33,8.12,6.57,8.15,6.07,1.55,1.58,2.13,1.36,0.14,0.49,0.39,0.29,1.18,0.47,0.21,0.11,M
3.51,5.15,2.50,3.46,6.50,1.56,3.43,13.25,39.25.00,41.01.00,37.25.00,25.20.00,28.52.00,51.39.00,73.00.00,93.15.00,113.40.00,102.44.00,113.23.00,140.35.00,165.21.00,1.00,133.03.00,90.26.00,65.52.00,86.19.00,94.10.00,50.42.00,31.21.00,66.00.00,38.06.00,59.04.00,69.47.00,39.58.00,30.47.00,62.40.00,72.11.00,60.26.00,41.59.00,31.10.00,17.26,38.59.00,33.11.00,18.20,11.24,5.03,11.14,13.05,7.35,4.06,2.31,2.05,0.36,2.03,0.43,1.54,0.52,1.31,0.08,1.32,M
2.11,3.21,0.45,3.37,3.50,8.01,12.22,5.33,22.49,34.39.00,38.15.00,33.10.00,19.44,31.31.00,49.09.00,89.03.00,114.10.00,132.03.00,137.00.00,121.30.00,122.32.00,131.58.00,134.17.00,81.38.00,32.14.00,48.44.00,104.15.00,142.26.00,149.26.00,130.21.00,86.08.00,80.40.00,67.18.00,56.51.00,47.29.00,39.13.00,44.59.00,74.02.00,72.03.00,55.14.00,19.55,27.49.00,61.42.00,51.12.00,15.45,25.45.00,23.14,12.52,10.15,3.50,1.51,2.48,1.26,0.45,1.02,1.05,0.30,1.06,0.29,0.53,M
3.53,6.34,6.56,9.07,16.33,25.15.00,27.54.00,25.13.00,28.43.00,34.38.00,20.39,3.56,29.31.00,51.55.00,83.10.00,111.47.00,127.35.00,141.25.00,163.25.00,1.00,1.00,166.32.00,151.07.00,113.23.00,85.03.00,78.36.00,83.00.00,103.16.00,119.31.00,105.16.00,59.14.00,48.17.00,71.56.00,63.11.00,40.21.00,15.44,5.51,14.04,7.16,18.50,34.05.00,32.17.00,13.54,25.02.00,27.55.00,17.38,18.31,14.09,9.56,3.21,1.11,1.44,1.02,0.26,0.25,1.01,0.38,1.41,1.18,0.06,M
1.57,1.09,4.39,9.43,15.15,21.07,26.17.00,32.07.00,39.21.00,36.09.00,19.40,12.34,46.22.00,62.38.00,84.53.00,109.52.00,117.51.00,125.32.00,139.17.00,143.13.00,160.15.00,163.58.00,145.05.00,106.43.00,84.27.00,89.55.00,115.34.00,141.27.00,136.53.00,99.22.00,49.10.00,45.58.00,48.05.00,31.33.00,24.06.00,15.55,14.48,13.56,14.54,25.47.00,38.38.00,37.05.00,17.15,28.41.00,33.37.00,29.47.00,18.32,6.38,5.05,1.24,0.39,0.53,0.29,0.20,0.13,0.29,0.20,1.02,0.26,0.52,M
3.31,2.08,0.15,7.30,11.51,26.03.00,25.18.00,20.06,27.46.00,22.25,13.05,6.07,20.27,43.34.00,71.20.00,102.02.00,123.55.00,135.30.00,150.06.00,160.03.00,152.42.00,152.20.00,130.51.00,85.34.00,57.19.00,54.50.00,42.51.00,61.25.00,96.05.00,103.10.00,76.53.00,60.15.00,73.54.00,64.24.00,51.33.00,35.38.00,18.32,23.06,25.23.00,16.36,27.24.00,31.42.00,21.53,29.36.00,33.20.00,12.45,12.07,12.29,7.29,2.14,2.54,1.57,0.23,0.47,0.49,0.31,0.24,0.39,0.51,0.15,M
0.47,0.59,1.20,9.14,14.43,21.18,27.54.00,22.53,48.42.00,57.49.00,54.25.00,54.23.00,38.21.00,20.53,35.02.00,40.01.00,32.08.00,27.53.00,20.28,15.02,25.57.00,54.51.00,87.48.00,112.20.00,131.46.00,148.58.00,156.35.00,158.13.00,150.40.00,152.31.00,147.08.00,134.46.00,119.40.00,112.00.00,107.27.00,114.39.00,104.01.00,82.16.00,69.04.00,70.40.00,75.46.00,73.12.00,72.03.00,82.01.00,78.30.00,53.16.00,37.21.00,30.06.00,16.30,4.11,2.09,1.35,2.06,1.09,0.39,1.08,1.00,0.45,0.02,0.29,M
3.21,2.58,4.34,3.52,12.04,13.53,20.32,21.38,34.45.00,45.20.00,36.28.00,50.37.00,49.19.00,34.19.00,15.06,26.50.00,30.00.00,36.20.00,33.46.00,25.06.00,8.41,35.43.00,72.13.00,99.03.00,115.26.00,126.16.00,146.27.00,151.00.00,142.08.00,151.27.00,160.57.00,155.06.00,129.34.00,110.43.00,110.04.00,114.44.00,115.38.00,98.52.00,96.14.00,103.43.00,97.21.00,75.27.00,81.51.00,96.02.00,83.33.00,67.22.00,52.03.00,37.12.00,18.05,6.54,4.13,2.11,0.49,1.44,1.42,1.32,1.23,0.20,0.48,0.36,M
1.47,7.33,4.49,11.53,17.55,16.59,26.46.00,35.19.00,51.01.00,48.56.00,51.44.00,57.11.00,40.56.00,31.27.00,19.44,34.40.00,45.36.00,54.34.00,39.04.00,21.00,9.36,20.41,53.59.00,72.37.00,95.34.00,130.25.00,154.12.00,155.49.00,155.48.00,1.00,155.08.00,141.18.00,126.45.00,117.20.00,125.39.00,133.10.00,127.53.00,99.15.00,78.51.00,80.40.00,72.20.00,65.54.00,80.37.00,89.39.00,74.45.00,44.34.00,25.41.00,22.39,15.41,4.21,1.19,2.44,2.00,1.53,0.21,1.37,1.12,1.00,0.17,0.36,M
3.55,3.40,2.47,8.36,12.26,18.41,20.58,28.37.00,51.14.00,53.19.00,49.06.00,41.24.00,41.50.00,30.06.00,23.33,50.19.00,60.35.00,64.47.00,49.40.00,36.59.00,27.04.00,22.23,34.06.00,63.11.00,96.11.00,125.45.00,140.06.00,142.27.00,150.36.00,1.00,160.46.00,131.52.00,106.52.00,99.46.00,113.55.00,129.31.00,134.44.00,123.46.00,104.55.00,95.08.00,73.53.00,56.01.00,63.15.00,82.30.00,72.53.00,40.04.00,18.48,27.34.00,15.33,3.45,3.34,3.41,2.32,1.23,0.58,0.23,0.57,0.52,0.27,0.21,M
4.18,7.13,9.07,11.21,13.04,20.50,21.36,28.49.00,46.34.00,49.14.00,41.46.00,43.21.00,37.29.00,35.15.00,21.10,19.53,29.54.00,36.25.00,27.26.00,12.20,10.25,39.41.00,80.24.00,106.12.00,125.31.00,149.19.00,165.41.00,165.57.00,155.28.00,155.44.00,147.34.00,128.10.00,114.25.00,106.30.00,106.18.00,110.29.00,99.43.00,76.05.00,52.09.00,69.18.00,72.05.00,67.11.00,70.01.00,75.57.00,65.55.00,49.26.00,34.55.00,25.58.00,14.44,4.25,2.01,1.31,1.02,0.19,0.45,1.19,0.31,1.03,0.48,0.50,M
5.05,6.03,3.34,3.47,7.36,11.05,15.39,16.12,42.15.00,52.07.00,36.32.00,43.41.00,40.19.00,36.19.00,19.19,20.37,14.46,29.15.00,29.18.00,25.40.00,8.32,30.05.00,67.19.00,94.57.00,109.37.00,124.34.00,142.23.00,151.25.00,144.28.00,148.12.00,151.05.00,142.02.00,120.04.00,103.20.00,104.13.00,114.08.00,122.17.00,104.41.00,95.25.00,101.59.00,93.17.00,82.45.00,83.47.00,96.12.00,98.27.00,80.03.00,64.37.00,46.19.00,23.47,7.04,4.31,3.20,1.10,1.10,1.26,1.29,1.14,0.42,0.55,0.21,M
3.37,2.32,5.46,5.46,8.04,8.46,12.53,14.22,24.11.00,35.10.00,39.03.00,34.47.00,27.25.00,28.09.00,27.30.00,32.47.00,48.54.00,61.49.00,71.49.00,69.21.00,85.16.00,108.21.00,128.37.00,141.31.00,151.44.00,148.32.00,136.29.00,112.59.00,89.28.00,86.47.00,94.11.00,95.49.00,87.30.00,70.55.00,55.30.00,38.51.00,24.11.00,27.28.00,44.54.00,62.10.00,74.27.00,68.53.00,62.23.00,50.21.00,34.29.00,29.50.00,28.09.00,22.21,12.49,3.42,3.25,2.03,1.07,0.11,0.26,0.49,0.29,0.22,0.22,0.32,M
1.12,0.27,1.29,1.01,7.00,14.25,19.42,16.39,32.56.00,38.38.00,41.12.00,48.00.00,35.26.00,11.48,19.54,46.48.00,70.21.00,87.59.00,97.37.00,102.33.00,112.33.00,131.13.00,149.34.00,163.48.00,1.00,141.00.00,100.55.00,50.36.00,2.24,42.06.00,72.15.00,81.58.00,90.09.00,99.21.00,87.28.00,62.57.00,39.29.00,28.40.00,31.18.00,54.10.00,42.55.00,40.23.00,45.06.00,38.43.00,28.44.00,24.17.00,19.35,14.28,6.32,2.11,1.32,1.18,1.11,1.21,0.34,1.04,0.37,0.36,0.12,0.37,M
2.43,3.18,3.22,6.26,12.32,24.04.00,24.47.00,24.44.00,40.42.00,47.02.00,61.31.00,62.30.00,65.27.00,55.08.00,18.05,18.59,57.26.00,90.41.00,107.50.00,121.16.00,131.34.00,137.44.00,144.57.00,130.36.00,119.00.00,94.58.00,48.28.00,77.16.00,106.49.00,123.25.00,134.29.00,140.20.00,1.00,158.56.00,112.35.00,65.05.00,20.49,60.29.00,105.56.00,135.16.00,127.44.00,90.17.00,43.34.00,28.43.00,46.54.00,46.04.00,33.05.00,25.02.00,20.19,8.13,0.27,1.17,0.26,0.31,1.23,0.20,1.24,1.48,1.23,0.33,M
3.41,1.05,2.44,8.07,8.39,14.09,13.32,30.33.00,37.08.00,30.10.00,42.29.00,49.44.00,43.44.00,31.33.00,11.08,44.26.00,71.14.00,104.51.00,129.42.00,128.06.00,134.59.00,141.33.00,157.20.00,157.30.00,160.55.00,134.05.00,82.49.00,66.00.00,64.16.00,92.54.00,121.49.00,142.29.00,157.05.00,145.26.00,111.13.00,78.14.00,25.46.00,29.08.00,60.07.00,86.48.00,86.17.00,61.42.00,37.20.00,13.36,6.35,13.05,17.32,17.14,12.44,3.36,2.47,1.29,0.51,0.15,1.15,0.58,0.16,1.10,1.14,0.38,M
6.51,4.37,10.04,8.45,8.09,6.25,10.11,18.37,20.37,38.20.00,22.50,22.15,35.37.00,25.26.00,12.55,19.56,15.03,11.29,34.31.00,49.35.00,47.16.00,55.53.00,60.22.00,53.22.00,57.32.00,59.22.00,64.52.00,110.22.00,154.14.00,1.00,142.08.00,104.57.00,87.30.00,66.52.00,48.21.00,33.27.00,55.56.00,79.59.00,102.27.00,104.06.00,82.53.00,58.12.00,44.22.00,52.17.00,71.22.00,71.02.00,58.31.00,40.58.00,20.59,5.27,3.01,3.37,0.38,0.19,1.05,2.12,1.48,0.50,1.25,0.44,M
2.17,4.57,1.56,1.22,4.01,4.13,4.39,2.10,8.09,14.34,18.20,18.04,18.14,17.03,10.01,15.06,21.53,45.58.00,61.00.00,87.49.00,96.50.00,103.01.00,97.55.00,77.19.00,90.24.00,122.47.00,151.29.00,1.00,137.27.00,90.41.00,55.49.00,14.37,26.40.00,69.29.00,109.36.00,123.10.00,132.43.00,124.53.00,113.15.00,78.33.00,39.15.00,28.24.00,45.28.00,66.56.00,68.45.00,57.50.00,45.39.00,29.50.00,15.22,4.36,2.49,1.21,0.40,0.25,0.36,0.58,1.07,0.35,0.43,0.33,M
0.15,3.06,4.49,3.15,8.35,13.37,16.45,2.04,19.28,24.36.00,35.18.00,42.55.00,39.14.00,22.14,1.32,32.31.00,61.25.00,77.26.00,90.18.00,104.20.00,123.40.00,137.37.00,143.29.00,140.00.00,149.09.00,165.45.00,1.00,160.49.00,145.47.00,104.17.00,36.24.00,49.05.00,60.45.00,83.32.00,130.43.00,156.01.00,136.35.00,103.27.00,75.13.00,50.04.00,44.34.00,37.21.00,52.21.00,61.33.00,49.46.00,37.06.00,14.09,5.59,4.49,2.02,0.45,1.48,1.15,1.29,0.36,0.29,0.13,0.10,0.32,0.47,M
2.10,2.00,7.16,10.24,7.08,5.49,6.24,7.26,21.58,22.55,33.46.00,39.49.00,35.12.00,24.04.00,12.22,25.33.00,50.52.00,68.36.00,91.06.00,98.53.00,111.03.00,122.13.00,118.56.00,116.54.00,129.18.00,152.17.00,166.04.00,1.00,148.01.00,109.45.00,45.07.00,29.06.00,45.09.00,80.53.00,119.44.00,136.49.00,125.36.00,108.16.00,78.28.00,58.02.00,58.28.00,53.01.00,58.44.00,60.59.00,47.26.00,28.34.00,11.34,5.03,4.52,1.56,0.24,1.24,1.40,0.18,0.35,0.58,0.11,0.09,0.33,0.26,M
2.14,2.52,2.58,6.03,7.24,12.24,13.20,7.36,6.08,20.50,40.05.00,38.45.00,42.03.00,24.32.00,11.09,18.20,39.13.00,54.42.00,73.36.00,86.07.00,108.28.00,129.53.00,132.58.00,129.46.00,143.07.00,155.21.00,157.34.00,144.05.00,120.20.00,80.50.00,22.37,49.11.00,78.35.00,100.36.00,134.43.00,164.30.00,146.40.00,106.51.00,71.16.00,45.02.00,44.02.00,55.42.00,72.15.00,75.42.00,66.00.00,42.05.00,18.04,6.12,4.46,1.39,0.46,1.34,0.48,0.47,0.16,0.08,0.42,0.24,0.27,0.41,M
2.59,2.16,6.48,10.33,9.56,13.28,34.50.00,57.45.00,87.56.00,99.25.00,104.14.00,75.07.00,61.33.00,47.44.00,27.15.00,7.02,29.45.00,73.14.00,115.50.00,134.57.00,142.30.00,145.17.00,143.21.00,153.21.00,145.29.00,134.44.00,144.54.00,140.11.00,96.33.00,62.34.00,58.05.00,77.19.00,108.15.00,115.01.00,94.26.00,86.28.00,84.20.00,64.45.00,62.42.00,62.18.00,43.25.00,26.31.00,31.15.00,37.47.00,26.17.00,20.11,14.43,14.10,5.55,3.39,1.26,2.03,1.00,3.07,1.51,2.06,1.21,2.35,2.40,1.25,M
3.00,7.24,7.56,11.38,26.55.00,14.47,9.56,17.51,52.55.00,48.38.00,54.33.00,50.35.00,50.33.00,43.07.00,28.02.00,21.48,46.43.00,75.19.00,110.41.00,128.03.00,116.00.00,73.13.00,40.32.00,48.06.00,82.54.00,136.12.00,1.00,153.58.00,141.59.00,128.42.00,96.12.00,86.30.00,113.44.00,103.40.00,84.14.00,59.38.00,63.29.00,63.33.00,55.59.00,46.11.00,60.48.00,63.54.00,57.33.00,34.56.00,17.11,13.18,11.41,8.46,4.01,1.57,2.02,2.02,1.54,1.38,0.27,0.25,0.26,0.50,1.13,0.22,M
5.29,3.36,6.26,10.27,19.18,24.42.00,34.14.00,26.45.00,42.12.00,44.32.00,50.56.00,52.41.00,38.34.00,34.27.00,30.04.00,46.48.00,73.43.00,99.07.00,110.01.00,97.24.00,75.39.00,79.49.00,94.06.00,88.01.00,118.35.00,1.00,159.24.00,101.30.00,85.12.00,66.40.00,8.02,30.52.00,36.26.00,23.56,29.17.00,23.48,27.24.00,51.29.00,60.48.00,74.01.00,64.19.00,46.53.00,20.38,15.53,20.01,13.45,10.18,2.21,1.48,2.04,1.44,1.35,2.31,0.59,0.15,0.53,0.16,0.42,0.53,1.14,M
3.11,2.53,4.51,5.01,7.43,11.30,9.36,18.23,40.23.00,52.14.00,79.46.00,87.19.00,73.13.00,57.20.00,47.49.00,64.49.00,73.40.00,64.52.00,68.08.00,83.26.00,121.11.00,156.25.00,1.00,163.51.00,165.32.00,152.41.00,137.17.00,115.57.00,75.36.00,54.41.00,42.02.00,66.04.00,69.14.00,55.08.00,24.05.00,32.03.00,53.28.00,56.07.00,94.43.00,91.45.00,53.51.00,7.28,52.11.00,56.27.00,68.50.00,60.39.00,34.29.00,14.19,10.00,4.27,2.05,0.40,2.16,2.17,2.52,2.12,1.50,2.02,1.54,1.08,M
4.54,2.03,1.57,1.53,8.17,16.38,22.06,18.37,49.44.00,57.53.00,70.31.00,84.04.00,87.17.00,73.18.00,53.56.00,49.16.00,54.46.00,53.51.00,75.28.00,105.39.00,117.24.00,138.34.00,140.49.00,141.52.00,152.18.00,166.25.00,1.00,125.44.00,77.41.00,65.24.00,64.09.00,77.54.00,70.45.00,51.35.00,12.32,48.05.00,67.52.00,52.50.00,47.43.00,43.54.00,9.01,31.14.00,57.39.00,77.26.00,72.46.00,43.01.00,21.59,8.25,1.52,0.59,0.41,0.56,1.44,1.19,0.14,0.54,0.15,0.06,1.21,0.43,M
10.35,11.49,7.33,5.33,3.05,21.00,16.55,31.58.00,56.02.00,65.00.00,77.54.00,93.52.00,91.46.00,72.23.00,50.52.00,58.12.00,66.15.00,64.35.00,88.00.00,119.58.00,128.22.00,142.42.00,144.48.00,153.56.00,1.00,161.02.00,163.42.00,122.40.00,69.18.00,48.38.00,54.40.00,61.30.00,57.30.00,47.43.00,14.24,62.04.00,77.29.00,58.08.00,30.17.00,19.02,20.20,43.41.00,74.21.00,78.46.00,54.23.00,23.43,6.30,6.46,5.11,1.26,2.34,0.48,0.25,1.27,1.12,1.35,1.26,1.25,0.40,0.51,M
3.21,2.45,5.44,5.30,6.37,7.23,11.24,15.03,28.59.00,42.51.00,48.51.00,51.48.00,60.03.00,50.02.00,45.18.00,33.27.00,30.01.00,37.14.00,59.28.00,91.32.00,120.09.00,138.38.00,147.44.00,158.40.00,160.37.00,1.00,161.13.00,144.24.00,131.36.00,105.45.00,89.11.00,67.36.00,42.43.00,48.14.00,59.48.00,71.36.00,79.33.00,75.16.00,62.45.00,50.51.00,32.01.00,19.44,33.04.00,26.10.00,11.00,21.34,13.17,0.52,3.53,2.32,2.05,0.54,0.57,2.17,1.49,0.35,0.56,1.45,1.22,0.36,M
3.17,6.34,6.24,1.16,4.11,10.29,12.27,9.38,22.37,28.15.00,28.54.00,41.10.00,52.21.00,54.57.00,45.59.00,34.16.00,19.22,31.24.00,56.30.00,65.26.00,71.22.00,90.18.00,107.28.00,120.23.00,130.53.00,133.04.00,147.27.00,159.42.00,149.50.00,113.51.00,101.48.00,91.20.00,84.18.00,74.36.00,40.01.00,23.25,29.32.00,29.02.00,55.26.00,67.01.00,50.09.00,34.35.00,20.06,4.15,4.58,11.31,13.01,12.57,6.09,0.57,1.31,2.14,1.37,0.42,0.58,1.12,0.41,0.45,0.47,0.54,M
6.34,7.00,7.26,9.11,9.57,23.36,15.56,13.22,26.58.00,42.38.00,51.18.00,56.44.00,56.40.00,65.51.00,55.52.00,37.32.00,34.46.00,37.28.00,56.22.00,76.18.00,107.54.00,111.48.00,116.47.00,126.59.00,129.05.00,112.47.00,122.53.00,130.34.00,160.19.00,1.00,134.46.00,92.38.00,90.09.00,83.08.00,51.48.00,48.17.00,37.24.00,16.00,38.07.00,53.48.00,57.34.00,64.42.00,54.00.00,15.26,19.33,9.26,12.46,16.09,9.48,0.50,1.58,2.26,0.40,1.54,0.32,1.02,1.41,1.08,0.53,1.27,M
5.10,3.41,7.13,3.11,16.04,30.27.00,18.26,28.22.00,46.44.00,73.52.00,87.02.00,93.31.00,89.39.00,67.28.00,37.25.00,29.44.00,38.17.00,45.20.00,86.49.00,114.58.00,136.42.00,146.20.00,126.40.00,126.56.00,119.12.00,121.28.00,144.46.00,158.29.00,139.08.00,95.30.00,72.43.00,71.29.00,70.40.00,52.36.00,21.27,24.37.00,34.22.00,40.00.00,86.13.00,86.08.00,24.51.00,40.07.00,56.55.00,74.54.00,77.04.00,33.21.00,12.55,20.32,13.03,1.29,4.09,3.24,0.59,0.53,1.19,0.37,0.15,0.56,1.07,0.54,M
7.03,5.21,11.49,1.48,17.50,16.13,16.01,22.03,41.02.00,44.56.00,56.52.00,71.32.00,61.22.00,65.40.00,49.25.00,52.52.00,47.05.00,50.50.00,40.08.00,90.20.00,113.22.00,105.20.00,97.04.00,113.25.00,99.44.00,140.12.00,165.11.00,153.07.00,133.25.00,111.53.00,93.52.00,122.12.00,100.38.00,42.55.00,5.49,29.59.00,50.39.00,79.20.00,95.56.00,70.54.00,84.06.00,119.39.00,102.43.00,94.23.00,95.49.00,59.53.00,42.06.00,38.19.00,21.11,5.56,6.07,2.56,0.35,1.33,2.01,1.15,0.56,0.21,0.43,0.17,M
1.35,5.08,8.59,6.51,10.13,17.19,16.56,23.14,43.12.00,62.25.00,70.29.00,74.59.00,90.04.00,71.43.00,55.33.00,58.16.00,57.06.00,47.31.00,67.42.00,113.53.00,127.30.00,111.10.00,95.03.00,99.55.00,108.04.00,143.34.00,163.39.00,156.20.00,140.35.00,101.14.00,90.03.00,114.50.00,99.37.00,54.04.00,8.36,52.37.00,59.50.00,64.41.00,95.16.00,71.54.00,50.51.00,73.13.00,71.42.00,80.31.00,84.44.00,32.32.00,25.39.00,33.57.00,17.34,4.11,5.57,3.01,0.19,1.42,2.13,0.40,0.42,0.30,0.31,0.33,M
1.36,6.44,11.22,11.28,14.47,15.32,15.55,35.40.00,42.26.00,49.12.00,67.05.00,85.48.00,81.41.00,68.47.00,59.35.00,57.27.00,51.08.00,49.05.00,72.31.00,121.04.00,135.47.00,135.03.00,111.05.00,115.58.00,129.08.00,144.48.00,1.00,165.41.00,146.33.00,108.02.00,97.56.00,106.48.00,82.52.00,45.55.00,5.00,55.56.00,52.47.00,68.53.00,104.41.00,82.57.00,43.33.00,78.17.00,80.06.00,82.01.00,88.14.00,36.56.00,23.21,31.28.00,15.47,2.14,5.10,3.57,1.18,2.24,2.50,0.12,1.49,0.36,0.43,0.18,M
4.29,6.23,8.25,11.47,21.53,35.03.00,37.43.00,42.04.00,59.55.00,98.35.00,111.15.00,94.39.00,86.15.00,55.34.00,33.22.00,47.36.00,48.57.00,57.04.00,99.09.00,125.26.00,149.19.00,135.47.00,118.29.00,122.58.00,120.01.00,137.34.00,148.37.00,163.40.00,136.19.00,80.48.00,53.23.00,46.15.00,39.42.00,48.31.00,27.55.00,52.36.00,31.09.00,56.31.00,99.53.00,68.44.00,19.41,60.51.00,77.35.00,79.37.00,58.37.00,15.20,20.27,29.45.00,18.05,5.00,5.46,2.47,3.19,2.25,1.21,0.45,0.43,0.27,0.55,0.57,M
5.40,10.25,6.21,4.17,7.21,17.07,21.27,30.50.00,44.07.00,68.37.00,87.25.00,89.01.00,92.34.00,65.15.00,49.10.00,51.15.00,50.21.00,45.19.00,90.43.00,132.12.00,145.51.00,144.27.00,118.27.00,115.11.00,121.27.00,146.32.00,1.00,163.36.00,149.44.00,100.48.00,82.14.00,89.31.00,76.26.00,48.28.00,12.54,37.29.00,26.42.00,65.58.00,101.57.00,86.36.00,38.41.00,72.50.00,63.17.00,72.02.00,81.32.00,31.41.00,15.40,22.44,15.06,2.24,5.29,2.21,0.19,1.07,1.39,0.42,0.57,0.51,0.33,0.58,M
3.29,3.11,6.51,5.21,11.38,26.19.00,23.58,23.22,50.48.00,65.14.00,58.24.00,61.09.00,65.43.00,55.11.00,55.31.00,50.02.00,38.44.00,23.01,57.30.00,73.48.00,81.30.00,61.17.00,72.59.00,81.04.00,103.27.00,120.56.00,110.24.00,128.09.00,133.01.00,142.57.00,154.33.00,116.49.00,80.51.00,56.49.00,23.26,19.07,23.53,30.20.00,60.05.00,92.09.00,99.48.00,84.37.00,91.52.00,83.47.00,117.14.00,98.24.00,67.49.00,46.01.00,26.24.00,8.30,0.54,1.18,3.21,1.44,0.39,0.31,1.02,1.27,1.10,0.42,M
6.08,4.39,1.43,9.26,12.39,11.19,16.10,24.33.00,36.04.00,42.24.00,48.56.00,48.55.00,44.17.00,53.07.00,46.34.00,42.14.00,33.00.00,32.09.00,47.06.00,54.05.00,58.24.00,55.24.00,70.17.00,79.34.00,80.08.00,105.25.00,138.54.00,157.38.00,1.00,140.25.00,92.04.00,79.55.00,86.40.00,66.08.00,32.20.00,25.19.00,33.30.00,28.56.00,17.09,37.24.00,61.57.00,74.09.00,65.39.00,33.50.00,33.30.00,36.27.00,30.40.00,24.37.00,16.11,3.44,2.31,1.45,0.24,0.18,0.57,1.32,0.09,1.26,1.50,0.52,M
1.29,4.34,4.08,3.57,3.44,14.05,24.48.00,20.24,26.09.00,35.19.00,50.03.00,51.34.00,45.43.00,42.27.00,31.10.00,24.12.00,24.17.00,40.29.00,54.19.00,61.19.00,55.55.00,51.40.00,65.14.00,88.00.00,106.49.00,128.27.00,145.54.00,1.00,163.26.00,116.09.00,82.53.00,83.40.00,89.19.00,64.02.00,30.48.00,19.09,26.10.00,21.51,26.23.00,43.51.00,51.43.00,75.12.00,63.05.00,21.09,24.19.00,18.12,24.45.00,23.05,11.56,2.56,3.19,1.36,1.43,1.33,0.25,0.44,0.21,1.09,1.00,0.18,M
2.38,3.59,2.30,8.14,16.28,23.45,24.23.00,20.19,28.17.00,32.03.00,39.21.00,45.19.00,50.49.00,49.46.00,37.06.00,29.05.00,40.59.00,51.40.00,59.32.00,71.23.00,71.08.00,62.15.00,76.25.00,101.34.00,120.21.00,126.35.00,145.06.00,1.00,163.35.00,119.47.00,97.28.00,69.52.00,62.36.00,54.23.00,32.24.00,23.14,27.50.00,21.15,27.46.00,42.54.00,37.38.00,46.17.00,26.53.00,22.15,32.56.00,20.34,25.54.00,17.37,8.10,1.37,3.43,2.01,1.48,0.57,0.28,1.19,0.34,0.46,0.22,0.21,M
2.36,3.30,4.42,9.56,7.42,12.59,22.45,13.00,17.18,26.07.00,41.16.00,46.23.00,48.16.00,49.16.00,53.09.00,31.32.00,28.50.00,37.06.00,40.27.00,52.29.00,68.22.00,63.28.00,81.36.00,104.52.00,125.19.00,133.05.00,147.10.00,165.15.00,153.43.00,116.21.00,102.47.00,84.29.00,65.21.00,58.44.00,36.23.00,20.45,26.32.00,27.06.00,39.16.00,41.23.00,40.37.00,45.15.00,19.44,19.17,24.09.00,31.23.00,32.34.00,24.52.00,8.31,2.35,3.09,2.30,1.00,1.22,1.31,0.38,0.56,0.56,0.48,0.24,M
5.15,4.12,2.47,7.59,15.02,17.37,17.04,20.09,20.41,25.33.00,35.28.00,42.16.00,44.46.00,46.43.00,31.26.00,24.45.00,36.00.00,40.17.00,49.49.00,55.41.00,63.06.00,65.56.00,87.12.00,115.13.00,131.08.00,138.57.00,153.19.00,1.00,149.50.00,107.36.00,99.27.00,72.35.00,49.57.00,38.14.00,31.06.00,15.22,30.29.00,29.03.00,40.52.00,40.07.00,41.58.00,53.04.00,28.05.00,11.15,19.46,30.33.00,31.18.00,18.34,5.10,2.23,2.18,1.48,1.02,0.44,1.12,0.07,0.54,0.35,0.01,0.55,M
0.56,4.27,3.41,9.21,15.36,19.06,11.46,16.36,27.53.00,30.59.00,41.21.00,45.12.00,48.54.00,43.57.00,31.20.00,23.25,33.48.00,43.33.00,46.18.00,55.46.00,63.50.00,66.43.00,85.14.00,114.20.00,124.50.00,130.43.00,150.21.00,1.00,148.08.00,108.31.00,101.23.00,74.23.00,49.08.00,28.49.00,24.48.00,13.21,29.30.00,23.02,40.04.00,34.06.00,32.50.00,46.18.00,22.57,11.25,11.04,27.45.00,30.07.00,20.45,8.36,0.44,3.05,1.12,0.55,1.14,1.08,1.24,0.37,0.24,0.34,0.07,M
3.23,2.01,6.20,2.08,8.57,14.34,17.01,14.12,18.56,29.07.00,36.38.00,45.21.00,35.05.00,28.47.00,34.00.00,29.46.00,21.58,37.40.00,39.18.00,51.47.00,65.06.00,60.31.00,80.09.00,108.51.00,130.12.00,139.55.00,153.00.00,162.49.00,148.57.00,117.02.00,108.20.00,84.29.00,65.03.00,50.09.00,26.05.00,16.25,36.40.00,37.23.00,45.36.00,35.52.00,40.38.00,52.34.00,35.12.00,16.31,9.54,32.20.00,32.17.00,18.02,5.36,2.57,3.29,2.14,1.34,0.47,0.45,0.42,0.28,0.36,0.13,0.16,M
6.32,1.48,4.27,4.17,6.50,8.11,17.33,28.10.00,35.05.00,41.11.00,44.40.00,50.49.00,47.43.00,38.14.00,19.25,35.27.00,34.22.00,37.02.00,54.01.00,72.10.00,84.31.00,99.04.00,117.58.00,127.21.00,147.58.00,161.51.00,164.40.00,163.32.00,157.44.00,142.22.00,107.37.00,56.37.00,63.48.00,53.24.00,22.11,7.20,20.34,33.50.00,27.32.00,17.23,17.46,35.10.00,40.17.00,27.11.00,12.49,12.03,15.12,13.32,8.16,1.41,1.29,1.23,1.20,0.26,1.19,0.42,1.11,0.44,0.22,0.14,M
2.09,2.21,5.09,6.15,12.47,13.07,11.02,18.28,29.37.00,37.25.00,40.31.00,52.14.00,53.26.00,48.37.00,37.29.00,39.07.00,35.43.00,48.59.00,81.38.00,102.07.00,125.31.00,128.38.00,123.52.00,144.33.00,155.08.00,163.56.00,1.00,159.55.00,145.22.00,114.22.00,81.41.00,54.40.00,51.55.00,32.49.00,16.59,5.17,12.36,15.07,17.46,23.00,11.05,24.35.00,41.10.00,46.28.00,45.09.00,38.03.00,30.18.00,19.45,9.06,3.39,3.24,2.04,1.33,1.12,0.19,0.27,0.54,0.17,0.24,0.29,M
0.50,0.17,4.30,7.30,15.58,13.50,14.39,20.20,32.57.00,38.02.00,42.01.00,58.04.00,55.09.00,43.34.00,29.42.00,34.15.00,38.18.00,59.05.00,103.38.00,121.05.00,139.06.00,137.48.00,139.26.00,156.48.00,158.30.00,163.21.00,166.14.00,1.00,150.36.00,106.49.00,64.17.00,48.28.00,34.00.00,27.33.00,29.29.00,19.00,12.20,15.41,10.21,7.06,9.32,17.48,31.49.00,37.09.00,36.43.00,37.45.00,29.26.00,18.17,9.18,2.22,4.41,2.45,0.56,0.10,0.27,1.02,0.24,1.03,0.17,0.28,M
6.06,7.01,8.24,4.10,9.56,4.12,15.58,16.31,23.39,30.47.00,37.02.00,44.08.00,41.48.00,38.11.00,25.55.00,31.03.00,39.47.00,55.45.00,87.13.00,111.24.00,129.26.00,132.08.00,132.20.00,152.09.00,158.18.00,163.55.00,1.00,157.51.00,137.17.00,104.12.00,69.41.00,53.29.00,44.18.00,36.36.00,26.28.00,9.21,15.48,28.20.00,20.15,21.22,6.26,22.09,38.51.00,41.08.00,32.40.00,33.05.00,26.10.00,15.21,9.09,3.14,2.46,2.12,0.27,0.22,0.59,0.16,0.25,0.17,0.27,0.27,M
3.58,5.18,7.02,6.39,13.08,12.46,14.41,19.03,26.34.00,34.08.00,44.12.00,51.40.00,39.41.00,31.58.00,23.50,28.55.00,29.41.00,47.32.00,83.56.00,102.46.00,126.56.00,135.25.00,129.53.00,146.28.00,146.53.00,157.50.00,1.00,162.19.00,140.46.00,102.31.00,71.42.00,52.45.00,47.49.00,33.37.00,20.06,4.31,9.40,21.02,17.52,18.02,6.00,19.57,34.21.00,34.14.00,31.18.00,34.07.00,28.36.00,17.49,7.57,2.50,3.06,1.36,1.11,1.24,0.38,0.26,0.28,0.13,0.35,1.00,M
1.56,12.24,6.07,3.45,1.16,9.05,18.30,17.49,28.28.00,37.51.00,52.51.00,48.02.00,44.17.00,38.27.00,31.29.00,29.51.00,38.18.00,61.55.00,103.43.00,121.00.00,132.14.00,134.05.00,134.27.00,152.53.00,155.27.00,159.22.00,1.00,163.38.00,144.44.00,106.21.00,66.37.00,54.02.00,47.15.00,40.13.00,38.41.00,21.00,11.33,11.41,23.59,24.35.00,7.18,7.49,24.36.00,29.02.00,25.55.00,27.31.00,19.41,12.00,5.21,0.56,3.22,2.21,1.43,1.40,0.34,0.26,0.37,0.44,0.57,0.35,M
2.11,6.27,5.29,1.18,12.01,22.21,27.06.00,31.42.00,43.30.00,53.13.00,57.48.00,62.18.00,50.55.00,32.06.00,23.05,35.22.00,45.58.00,76.16.00,108.07.00,119.14.00,133.30.00,132.04.00,146.33.00,1.00,164.25.00,157.54.00,157.54.00,155.15.00,138.46.00,103.33.00,62.52.00,47.02.00,34.02.00,36.30.00,37.03.00,22.07,8.41,10.18,23.36,24.20.00,14.06,17.35,27.19.00,31.56.00,34.45.00,38.55.00,32.44.00,21.40,10.33,3.03,2.17,2.30,1.16,0.32,0.37,1.11,0.40,0.09,0.15,1.25,M
5.35,4.18,6.38,9.30,8.49,18.11,28.29.00,28.04.00,31.05.00,44.20.00,53.08.00,59.13.00,51.56.00,32.45.00,29.40.00,46.34.00,47.50.00,66.09.00,93.19.00,115.36.00,132.49.00,124.12.00,136.43.00,154.21.00,146.50.00,146.54.00,155.01.00,165.55.00,142.56.00,101.09.00,65.34.00,41.04.00,27.25.00,19.00,15.56,1.20,11.42,15.36,14.54,18.47,14.33,17.00,32.44.00,37.36.00,30.14.00,33.32.00,28.08.00,17.17,8.21,2.16,2.10,2.00,0.39,0.53,1.02,0.46,0.45,0.22,0.05,0.31,M
4.32,6.18,8.08,14.08,18.47,18.23,22.29,38.57.00,51.53.00,66.37.00,65.41.00,55.09.00,48.46.00,29.20.00,28.59.00,34.03.00,34.48.00,44.38.00,40.34.00,30.39.00,46.42.00,102.52.00,133.35.00,138.33.00,140.40.00,141.34.00,152.48.00,1.00,131.36.00,89.31.00,107.52.00,108.25.00,82.39.00,36.15.00,16.30,7.14,28.28.00,32.59.00,31.20.00,18.28,28.22.00,9.45,10.38,23.11,10.38,9.41,10.41,17.24,12.12,4.35,2.26,1.31,0.45,0.43,0.43,1.38,0.54,0.51,1.05,1.43,M
3.07,5.46,2.48,2.57,6.33,27.10.00,33.48.00,28.14.00,38.48.00,44.44.00,51.48.00,48.53.00,37.55.00,16.34,30.01.00,36.40.00,45.32.00,47.42.00,33.54.00,29.00.00,68.50.00,114.39.00,135.20.00,140.53.00,148.39.00,155.00.00,166.27.00,1.00,135.04.00,103.19.00,100.41.00,92.27.00,69.20.00,24.32.00,14.09,10.08,16.09,23.31,27.56.00,20.00,20.01,17.16,32.57.00,22.19,15.02,18.05,25.21.00,22.43,14.18,4.50,3.23,1.56,1.38,3.19,0.33,1.41,1.05,1.55,3.13,2.37,M
5.23,1.41,4.58,9.24,12.40,15.58,16.30,16.58,17.10,35.54.00,51.25.00,57.05.00,49.50.00,23.22,20.35,25.34.00,31.41.00,40.29.00,35.20.00,39.55.00,54.32.00,99.09.00,138.22.00,150.45.00,164.48.00,165.12.00,157.28.00,1.00,151.32.00,123.32.00,128.11.00,118.37.00,88.24.00,35.31.00,15.28,21.37,19.19,20.26,29.28.00,5.45,26.02.00,13.44,19.09,28.14.00,15.54,1.20,13.10,20.55,10.47,2.59,0.51,1.01,1.33,2.15,1.03,1.03,0.34,0.32,1.02,1.07,M
8.42,7.17,3.00,4.52,5.51,19.31,20.57,19.38,20.58,42.09.00,45.16.00,39.34.00,31.18.00,16.23,11.23,25.03.00,28.43.00,38.59.00,32.42.00,23.15,52.44.00,98.08.00,127.11.00,141.13.00,157.04.00,166.26.00,161.39.00,1.00,143.50.00,116.19.00,128.37.00,121.45.00,86.37.00,29.46.00,18.18,24.06.00,17.46,24.00.00,32.09.00,5.25,24.50.00,5.28,8.57,21.49,15.10,12.37,17.39,16.45,8.55,3.55,2.35,2.40,0.29,0.51,1.02,1.29,2.20,2.18,1.17,0.31,M
5.03,5.53,8.10,10.08,2.47,22.34,24.25.00,18.43,32.25.00,39.14.00,48.18.00,46.52.00,26.18.00,4.33,11.13,24.04.00,34.30.00,44.05.00,47.08.00,71.33.00,94.45.00,116.30.00,120.46.00,127.02.00,154.02.00,1.00,166.19.00,138.17.00,117.12.00,119.01.00,114.53.00,82.41.00,43.04.00,16.09,12.56,6.04,26.12.00,30.23.00,22.29,14.09,8.12,22.47,25.52.00,25.48.00,21.59,16.25,20.58,15.54,8.09,4.01,0.42,1.26,0.46,2.06,0.36,0.35,0.34,1.19,0.36,0.48,M
4.20,6.03,2.16,4.32,3.34,5.38,10.55,23.20,30.43.00,39.14.00,45.20.00,40.42.00,27.45.00,5.36,21.42,28.28.00,36.17.00,52.55.00,61.54.00,75.52.00,95.00.00,123.17.00,134.22.00,147.17.00,157.12.00,1.00,156.15.00,126.43.00,118.43.00,139.18.00,127.02.00,76.07.00,28.35.00,25.49.00,27.21.00,31.09.00,44.15.00,28.33.00,15.59,12.48,14.07,34.36.00,41.45.00,31.02.00,23.59,24.30.00,16.31,0.41,2.34,1.56,3.01,2.26,2.09,0.47,0.39,1.01,0.40,0.36,1.01,1.55,M